periodo,seguros,seguros de auto,seguros auto,seguro para auto,seguro de autos,compra venta,contrato compra venta auto,compra de autos,carta compra venta auto,carta compra venta,comprar auto usado,autos,autos usados,como comprar un auto,como comprar un auto usado,mazda mexico,honda,nissan,ford,mazda 2016,volkswagen mexico,nissan,chevrolet,ford,autos,ford mexico,fiesta ford,fiesta,chevrolet,focus,chevrolet mexico,ford,nissan,autos,autos chevrolet,nissan mexico,chevrolet,ford,autos nissan,autos,nissan,nissan tsuru,tsuru en venta,autos tsuru,motor tsuru,aparatos electrodomesticos,reparacion electrodomesticos,reparacion de electrodomesticos,venta de electrodomesticos,refacciones electrodomesticos,seguro social,infonavit,numero de seguro social,prestamo seguro,muebles dico,dico,muebles madera,muebles de madera,muebles oficina,decoracion de casas,decoracion de interiores,decoracion interior de casas,ideas interior,idea interior,interior design,de pelicula,peliculas,ver pelicula,ver pelicula en linea,peliculas en linea,videojuegos,video juego,primer videojuego,que es un videojuego,los videojuegos,las telecomunicaciones,telecomunicaciones mexico,ley telecomunicaciones,ley de telecomunicaciones,telecomunicaciones de mexico,descargar wifi,red wifi,wifi gratis,hackear wifi,mi celular,el celular,celular samsung,juegos para celular,videos para celular,correo electronico,mi libro electronico,comercio electronico,que es un libro electronico,gandhi
2004/01,58,71,0,0,73,68,0,100,100,70,0,95,68,0,0,0,42,75,83,0,77,75,89,83,95,54,26,48,89,24,67,83,75,95,89,60,89,83,31,95,75,68,0,73,100,98,0,0,0,0,50,67,0,0,27,24,53,53,63,77,61,0,0,0,46,24,20,1,0,16,40,29,0,0,76,87,57,0,0,100,0,0,0,0,1,14,12,7,5,37,0,66,0,86
2004/02,71,0,46,0,0,65,0,13,0,62,0,84,55,0,0,0,48,70,67,0,52,70,76,67,84,53,59,40,76,34,46,67,70,84,29,68,76,67,9,84,70,62,0,0,0,58,0,0,0,0,60,62,0,0,0,43,38,36,84,0,43,0,0,0,83,25,15,1,0,0,39,39,0,0,41,45,100,0,0,88,0,0,0,0,2,7,15,9,5,34,0,79,0,57
2004/03,89,0,0,0,0,82,0,46,0,74,100,72,51,0,0,0,50,56,69,0,87,56,75,69,72,48,0,48,75,26,42,69,56,72,95,61,75,69,66,72,56,37,0,78,0,0,0,0,100,0,78,54,7,0,14,17,45,28,45,28,50,0,0,0,0,28,18,0,0,0,34,38,0,0,49,40,40,0,0,71,0,0,0,0,0,13,35,4,0,37,0,94,0,44
2004/04,89,100,0,100,68,48,0,27,0,0,0,83,58,98,0,13,44,76,79,0,72,76,78,79,83,69,0,52,78,18,57,79,76,83,53,60,78,79,68,83,76,64,0,0,0,62,0,0,0,0,58,66,6,0,0,15,100,99,78,0,32,0,100,0,44,29,19,2,0,0,53,54,0,0,29,59,36,0,62,47,0,0,0,0,1,4,19,5,0,29,0,83,0,69
2004/05,72,52,76,0,53,63,100,21,0,100,0,72,40,0,0,10,50,60,71,0,35,60,60,71,72,47,48,54,60,24,44,71,60,72,94,51,60,71,52,72,60,100,0,53,0,48,0,0,0,100,63,68,0,0,20,29,23,48,46,37,39,0,0,0,0,25,18,2,0,4,42,47,100,0,100,54,56,19,24,24,0,0,0,0,3,22,35,4,4,30,0,96,0,48
2004/06,68,0,39,0,0,60,0,43,0,0,0,100,61,0,0,11,47,68,76,0,51,68,84,76,100,52,50,56,84,21,55,76,68,100,49,72,84,76,54,100,68,39,0,0,0,100,0,0,0,0,65,65,5,0,26,18,32,50,47,58,61,0,81,0,0,29,19,0,0,4,44,33,0,0,46,38,28,20,25,38,0,23,0,0,1,11,22,9,6,32,0,100,0,65
2004/07,80,0,0,0,0,100,0,50,0,0,81,86,64,91,0,0,52,65,87,0,84,65,78,87,86,83,46,61,78,31,69,87,65,86,77,67,78,87,36,86,65,45,0,64,0,57,100,100,0,0,61,86,0,0,35,14,37,57,100,0,100,0,0,0,41,27,21,1,0,5,37,13,0,0,13,44,34,0,0,29,0,0,0,0,6,19,29,6,10,33,0,51,0,41
2004/08,72,48,35,0,49,61,0,29,0,46,0,79,63,0,0,0,44,46,69,0,52,46,71,69,79,46,44,42,71,24,55,69,46,79,49,43,71,69,35,79,46,34,0,49,67,44,77,79,0,0,81,70,13,0,9,16,50,44,70,52,73,0,0,0,31,18,17,1,0,4,62,29,0,0,10,42,26,36,22,22,0,0,0,0,2,21,19,9,4,37,0,69,0,66
2004/09,82,40,0,0,41,44,0,8,0,0,0,72,46,0,0,0,43,61,70,0,24,61,68,70,72,41,37,41,68,21,44,70,61,72,45,41,68,70,34,72,61,57,0,0,0,55,0,0,52,0,100,62,3,0,8,13,47,44,46,100,41,0,0,0,51,23,16,3,0,3,38,32,0,0,43,76,41,29,28,28,0,17,0,0,2,19,29,5,3,32,0,86,100,67
2004/10,75,40,30,0,42,69,0,41,0,40,0,85,52,59,0,0,45,58,70,0,44,58,80,70,85,59,15,50,80,28,61,70,58,85,78,69,80,70,77,85,58,29,0,42,0,38,0,0,0,0,65,61,4,0,27,23,49,53,60,30,35,0,0,0,27,23,16,1,0,3,48,21,0,0,27,100,65,45,0,38,0,0,0,0,1,25,9,5,0,33,0,76,0,53
2004/11,86,43,47,0,0,76,0,61,0,0,0,87,65,0,0,9,52,88,89,0,58,88,71,89,87,70,24,48,71,16,49,89,88,87,92,90,71,89,100,87,88,82,0,66,0,39,0,70,57,0,61,61,0,0,20,29,39,56,63,47,45,0,0,0,28,22,17,2,0,3,63,39,0,0,28,23,46,16,0,0,0,19,0,0,2,28,12,8,3,40,0,49,0,60
2004/12,77,49,71,0,100,85,0,69,0,48,0,100,85,72,0,34,51,99,88,0,86,99,93,88,100,100,100,58,93,38,50,88,99,100,100,59,93,88,71,100,99,59,0,50,0,0,0,0,0,0,41,60,6,0,19,28,80,82,65,35,37,0,0,0,32,23,19,2,28,4,72,35,0,0,42,52,26,0,23,23,0,21,10,0,2,31,28,15,6,42,0,51,0,66
2005/01,77,39,56,0,60,62,0,55,0,0,0,90,69,0,0,0,41,75,82,0,63,75,78,82,90,84,15,40,78,45,50,82,75,90,74,45,78,82,68,90,75,56,89,100,0,71,0,0,0,0,45,80,3,0,18,27,41,65,85,85,62,100,57,0,50,27,18,2,0,10,71,55,0,0,34,48,41,14,27,27,0,0,0,0,2,29,31,19,10,31,0,44,0,68
2005/02,83,36,27,55,38,72,0,37,51,36,0,77,61,53,100,7,46,67,78,0,34,67,72,78,77,76,55,50,72,28,50,78,67,77,45,44,72,78,27,77,67,53,0,56,0,34,0,0,0,0,61,64,5,0,17,8,60,75,38,13,45,0,54,0,48,22,18,2,0,0,59,37,0,0,24,58,57,27,34,34,0,16,0,0,4,19,23,17,3,33,0,64,0,61
2005/03,74,34,38,0,36,59,0,63,0,0,45,83,55,100,0,20,48,61,79,0,35,61,76,79,83,62,51,60,76,34,66,79,61,83,43,39,76,79,45,83,61,92,79,54,0,65,0,0,0,0,38,66,6,100,10,12,31,51,71,12,59,0,52,0,23,26,19,3,0,0,62,28,66,0,37,18,36,39,16,24,0,15,0,0,3,26,4,12,7,40,0,43,0,43
2005/04,82,34,37,50,0,81,33,48,0,33,44,78,71,49,0,7,44,67,75,0,48,67,69,75,78,59,25,57,69,21,33,75,67,78,76,47,69,75,20,78,67,32,0,87,0,62,55,0,45,0,44,75,4,0,16,15,71,56,30,24,32,86,0,0,0,25,17,1,0,4,81,27,0,0,58,47,36,12,16,16,0,30,0,0,3,22,33,19,4,30,0,66,0,88
2005/05,79,0,43,0,31,75,0,12,0,0,0,76,67,44,0,0,50,81,78,0,34,81,78,78,76,66,39,55,78,28,38,78,81,76,50,38,78,78,47,76,81,43,0,0,0,41,48,0,40,57,52,68,0,0,6,3,40,49,48,21,25,0,0,0,29,25,17,1,0,2,73,39,57,0,32,16,39,11,14,35,0,0,0,0,2,19,31,19,8,40,0,58,0,56
2005/06,84,0,22,46,31,63,45,50,43,45,0,82,82,46,0,18,49,74,77,0,40,74,84,77,82,57,34,59,84,19,46,77,74,82,49,64,84,77,40,82,74,22,0,0,0,0,51,0,0,0,54,82,5,0,21,31,28,40,36,33,44,0,0,0,100,21,20,3,0,2,80,31,0,0,27,33,16,11,22,22,0,13,0,0,2,19,12,20,5,36,0,64,0,61
2005/07,77,86,100,0,71,84,0,21,0,67,0,95,74,50,0,14,56,76,100,0,40,76,86,100,95,79,39,61,86,33,62,100,76,95,62,69,86,100,25,95,76,41,0,71,0,0,0,0,0,0,53,97,6,0,36,39,83,58,71,38,52,0,0,0,22,22,21,2,0,8,100,49,0,0,22,24,18,0,16,48,0,0,0,0,1,5,32,18,9,28,0,28,0,45
2005/08,70,58,42,43,60,60,28,53,41,0,0,93,81,0,0,34,54,81,87,0,63,81,79,87,93,67,76,56,79,19,54,87,81,93,69,49,79,87,64,93,81,56,0,60,0,40,0,0,0,0,63,92,13,0,25,26,39,59,43,0,41,75,0,0,28,20,18,1,0,4,71,56,56,0,31,36,16,11,14,54,0,0,0,6,2,14,10,14,10,34,0,45,0,78
2005/09,65,24,17,0,25,58,0,29,0,23,31,79,70,35,65,29,59,78,78,0,24,78,75,78,79,61,31,53,75,24,57,78,78,79,73,49,75,78,45,79,78,75,0,49,34,22,0,0,0,0,69,64,6,69,14,33,25,44,60,35,41,0,0,25,47,22,15,1,0,5,63,37,0,0,31,8,32,18,22,28,0,10,0,0,1,28,15,24,8,38,0,49,60,58
2005/10,74,45,33,0,23,61,0,18,0,0,30,82,55,0,63,41,65,77,78,0,48,77,81,78,82,61,38,57,81,25,63,78,77,82,46,52,81,78,40,82,77,33,52,59,32,21,37,0,0,0,73,75,7,0,19,26,51,68,44,41,30,58,0,0,22,27,16,2,0,5,82,42,0,100,59,28,30,8,21,21,0,0,0,0,1,24,5,18,12,39,0,75,0,66
2005/11,73,47,17,35,24,61,0,52,0,0,31,85,77,34,0,21,61,77,75,0,37,77,89,75,85,58,17,49,89,25,93,75,77,85,74,59,89,75,51,85,77,34,27,24,0,0,0,0,31,0,56,72,5,0,22,13,14,26,45,43,47,0,0,0,31,30,16,1,0,5,68,36,0,0,30,25,25,9,11,22,0,21,0,0,1,22,17,12,10,38,0,61,0,56
2005/12,66,28,61,0,0,72,0,45,0,55,0,86,87,0,0,22,66,95,88,0,55,95,91,88,86,64,47,53,91,40,67,88,95,86,63,68,91,88,66,86,95,27,32,43,40,0,0,0,0,0,39,64,5,0,13,25,29,47,66,20,56,72,0,0,18,27,20,1,0,4,93,43,0,0,55,10,15,10,0,19,4,0,0,6,3,24,11,21,14,36,0,26,0,72
2006/01,75,23,33,34,24,62,0,51,0,22,0,86,95,0,0,34,67,85,84,0,51,85,97,84,86,61,38,47,97,20,53,84,85,86,78,45,97,84,63,86,85,44,0,35,0,64,0,38,0,0,50,93,5,0,15,21,55,47,57,33,33,0,0,0,37,20,18,2,0,3,70,54,0,0,25,32,24,8,21,16,0,10,0,0,2,28,13,33,18,25,0,55,58,62
2006/02,63,22,55,0,45,53,0,26,0,0,0,76,70,0,0,45,63,64,78,0,38,64,77,78,76,53,12,50,77,19,54,78,64,76,66,34,77,78,51,76,64,42,0,67,61,60,0,36,0,0,62,71,5,0,10,22,39,44,51,24,41,0,0,0,35,20,16,2,0,2,84,66,0,0,28,72,34,0,10,15,0,9,0,0,2,18,10,27,11,31,0,49,0,67
2006/03,84,27,47,27,28,63,18,40,0,36,0,69,63,0,0,36,60,66,72,0,45,66,67,72,69,37,14,53,67,28,44,72,66,69,50,43,67,72,37,69,66,22,21,19,0,68,30,30,0,0,62,72,8,0,10,33,38,58,65,7,38,47,27,0,36,26,17,1,0,2,59,37,0,0,47,32,24,17,17,51,0,24,0,0,3,25,12,20,20,32,0,57,46,65
2006/04,74,22,39,0,22,56,0,61,30,32,0,75,75,32,0,28,63,74,71,0,37,74,74,71,75,45,32,58,74,28,39,71,74,75,66,40,74,71,44,75,74,52,0,22,0,30,0,36,29,0,70,76,8,0,19,30,39,40,45,24,49,0,0,0,21,33,18,2,12,3,67,60,0,95,23,34,29,40,30,20,3,19,0,0,2,17,10,24,26,30,100,54,55,60
2006/05,69,26,63,51,0,59,33,49,0,25,0,71,72,25,0,49,64,71,67,0,41,71,88,67,71,39,19,48,88,27,67,67,71,71,94,39,88,67,45,71,71,54,0,35,24,16,28,0,0,0,68,69,7,0,21,25,31,45,53,12,49,0,0,0,45,31,17,2,0,3,65,49,0,0,30,51,45,10,28,28,0,23,4,0,3,22,4,20,25,29,0,61,0,75
2006/06,69,55,47,27,38,53,0,52,26,18,0,68,63,0,0,31,55,65,69,0,33,65,85,69,68,54,38,60,85,17,58,69,65,68,59,42,85,69,35,68,65,27,0,38,26,17,0,0,0,0,47,78,7,0,18,19,53,45,57,47,39,0,0,19,18,27,17,3,10,4,68,47,0,82,28,16,30,0,9,0,0,0,0,0,4,19,10,22,21,36,0,46,0,46
2006/07,76,30,51,30,31,56,0,69,0,0,26,77,74,0,0,44,59,100,78,0,68,100,88,78,77,64,45,63,88,21,83,78,100,77,61,78,88,78,50,77,100,48,23,52,0,19,33,0,27,0,37,85,6,58,17,23,36,52,59,29,76,52,0,0,39,24,21,3,0,3,83,92,0,89,22,14,21,7,9,9,0,9,0,0,5,12,15,20,26,23,0,29,0,51
2006/08,67,34,61,0,0,55,0,51,0,0,22,74,77,25,0,28,69,69,83,0,64,69,85,83,74,57,38,54,85,33,50,83,69,74,61,56,85,83,25,74,69,65,39,35,0,23,0,0,0,0,51,92,7,0,22,36,25,44,74,37,43,0,25,0,33,23,17,3,0,2,55,40,33,75,15,30,31,16,16,31,0,22,0,0,2,21,6,21,27,26,0,31,0,77
2006/09,68,23,27,0,31,45,0,67,0,0,0,66,61,22,41,40,75,72,73,0,41,72,74,73,66,46,17,53,74,35,44,73,72,66,36,46,74,73,35,66,72,36,17,62,64,35,0,25,20,0,53,71,8,0,16,45,9,20,58,16,47,77,23,16,44,22,16,3,8,2,65,40,0,67,29,16,20,6,11,25,0,10,0,0,3,22,4,22,19,37,0,58,0,61
2006/10,69,14,31,0,29,55,0,25,0,14,18,71,72,20,38,51,70,86,77,0,34,86,85,77,71,53,36,57,85,35,49,77,86,71,55,53,85,77,61,71,86,30,16,50,0,26,23,23,19,27,49,80,6,0,16,35,33,36,60,46,38,54,0,15,27,24,17,3,0,2,73,50,0,0,30,22,15,10,10,16,2,6,0,0,3,30,9,23,23,32,0,29,0,64
2006/11,71,14,37,21,22,49,0,46,0,21,0,68,68,0,0,41,72,84,82,0,34,84,88,82,68,55,32,53,88,36,55,82,84,68,73,64,88,82,27,68,84,59,25,44,0,27,0,24,0,0,71,71,4,0,11,29,39,51,49,42,27,0,0,15,28,23,17,4,0,1,71,51,0,0,53,35,26,8,13,27,0,0,3,3,3,25,11,22,24,32,0,42,0,60
2006/12,57,42,55,0,35,56,16,54,0,0,0,75,80,0,0,50,74,85,86,0,46,85,100,86,75,59,41,48,100,39,62,86,85,75,68,65,100,86,61,75,85,57,19,35,0,23,0,0,22,32,35,69,7,0,8,30,35,31,30,18,38,43,50,0,55,23,20,3,9,3,85,63,0,74,14,21,18,0,8,8,0,7,0,0,4,27,9,36,28,25,0,14,0,59
2007/01,85,27,39,20,0,62,13,30,19,20,0,72,88,20,0,47,68,83,81,0,40,83,87,81,72,56,35,49,87,26,56,81,83,72,68,60,87,81,59,72,83,23,0,42,19,12,33,22,0,0,59,97,10,0,20,29,28,32,55,29,33,69,0,14,31,26,20,3,0,5,67,68,26,0,23,19,39,10,9,35,0,6,0,3,4,28,8,38,39,24,0,33,0,75
2007/02,74,26,24,20,14,58,13,43,0,39,18,66,72,19,37,54,58,65,72,0,27,65,72,72,66,55,43,54,72,30,43,72,65,66,42,38,72,72,27,66,65,38,15,14,0,18,0,0,18,0,64,92,7,0,10,35,34,35,61,29,45,34,20,28,35,24,17,5,0,1,67,56,26,0,41,14,32,12,12,12,0,18,0,6,3,21,6,35,34,23,0,35,0,68
2007/03,75,17,17,0,35,48,11,32,0,39,0,67,64,17,0,45,63,63,72,0,26,63,80,72,67,48,54,56,80,32,36,72,63,67,58,44,80,72,32,67,63,50,13,29,65,0,19,37,30,0,60,95,11,33,9,23,29,49,49,29,30,29,0,12,15,26,18,4,0,4,60,41,0,0,27,26,18,8,37,19,0,5,0,0,2,20,5,28,29,22,53,33,0,61
2007/04,68,19,32,0,26,56,12,43,0,24,0,63,75,0,0,54,65,63,78,0,32,63,87,78,63,37,23,54,87,34,43,78,63,63,36,40,87,78,24,63,63,39,15,19,35,12,20,0,0,0,55,87,14,0,12,18,36,35,52,18,39,0,19,20,45,26,19,5,0,2,61,76,0,56,38,22,17,5,12,12,0,6,0,0,4,25,9,37,36,27,0,27,0,63
2007/05,68,10,21,29,20,54,0,48,0,19,0,64,64,0,0,40,58,64,69,0,29,64,72,69,64,40,26,51,72,29,34,69,64,64,47,47,72,69,26,64,64,31,28,25,0,9,0,16,0,19,48,78,7,0,13,22,44,36,50,18,42,0,15,0,10,29,17,4,0,2,62,63,0,0,28,24,13,9,7,11,0,11,0,4,4,24,14,41,41,34,0,39,0,59
2007/06,75,31,41,15,32,50,10,52,0,25,0,66,70,0,0,44,58,69,69,0,42,69,65,69,66,40,29,60,65,39,35,69,69,66,42,46,65,69,27,66,69,44,0,53,29,28,17,17,14,0,46,85,9,0,13,30,26,36,45,30,45,0,15,0,17,28,18,4,6,4,69,71,0,46,22,13,11,8,7,19,2,20,0,2,4,30,7,49,44,31,0,46,26,54
2007/07,89,26,31,24,33,53,10,28,15,10,0,68,75,0,0,46,66,86,75,0,51,86,93,75,68,48,30,67,93,33,50,75,86,68,53,48,93,75,43,68,86,44,0,27,0,10,0,34,14,0,48,100,11,31,20,35,32,38,44,38,37,28,0,22,21,31,22,4,6,5,67,81,0,0,34,0,14,4,10,10,0,23,0,5,5,27,11,57,40,25,0,14,0,60
2007/08,75,22,36,27,32,50,0,52,0,17,12,63,68,13,0,46,64,73,71,0,32,73,79,71,63,45,25,51,79,33,44,71,73,63,42,41,79,71,29,63,73,37,15,41,25,25,15,15,12,0,59,84,14,26,17,27,25,18,50,32,37,0,0,9,17,25,18,4,5,7,58,54,0,0,25,20,21,5,8,10,1,20,2,2,4,25,14,49,43,31,0,24,0,79
2007/09,64,41,48,0,34,42,0,27,12,8,11,62,61,12,0,39,65,59,67,0,23,59,71,67,62,39,26,50,71,27,30,67,59,62,46,33,71,67,34,62,59,30,14,34,23,8,0,0,11,0,52,73,12,0,14,31,32,41,36,15,39,0,0,13,13,26,18,4,9,6,48,62,16,36,47,25,22,18,17,10,1,13,2,7,4,30,17,45,29,37,0,39,21,72
2007/10,68,11,20,23,24,45,7,36,0,30,0,61,58,22,0,41,68,67,73,0,18,67,81,73,61,48,39,60,81,29,37,73,67,61,49,37,81,73,27,61,67,31,0,51,11,14,19,0,10,15,54,72,11,0,12,28,29,27,38,28,47,0,17,8,15,28,18,4,4,6,57,69,0,67,35,19,20,6,5,16,1,13,2,2,4,25,10,43,32,32,53,41,0,70
2007/11,69,43,35,12,24,52,0,34,0,15,0,66,68,0,0,49,66,79,70,0,31,79,77,70,66,56,28,55,77,29,33,70,79,66,59,47,77,70,53,66,79,49,9,41,34,15,0,0,10,0,42,74,7,46,14,30,37,37,50,23,38,0,12,16,16,29,20,5,11,8,51,75,31,35,38,14,13,7,7,6,1,14,0,0,3,27,8,49,28,36,37,48,30,67
2007/12,65,33,34,28,34,50,9,53,13,32,12,73,69,21,0,44,73,74,73,0,29,74,94,73,73,46,37,51,94,35,61,73,74,73,69,55,94,73,55,73,74,52,11,24,40,13,0,0,13,0,31,68,6,27,20,27,27,25,39,34,28,0,14,10,15,27,23,5,5,7,69,67,0,41,24,5,20,11,7,11,1,19,4,4,6,31,15,63,46,27,43,19,0,76
2008/01,78,50,62,23,32,50,8,23,11,19,30,79,79,11,21,54,71,75,75,0,41,75,94,75,79,60,37,55,94,31,50,75,75,79,84,52,94,75,39,79,75,37,27,28,55,11,13,13,10,0,46,97,10,0,12,26,31,30,39,22,44,40,11,8,20,30,25,5,0,8,56,75,15,0,42,7,10,4,14,7,3,19,0,3,6,37,15,64,45,28,0,22,39,81
2008/02,74,26,46,16,34,50,0,30,10,29,10,64,65,16,0,43,59,67,71,0,33,67,81,71,64,54,30,53,81,32,48,71,67,64,57,46,81,71,34,64,67,41,13,38,52,10,0,12,10,0,52,85,13,0,18,22,34,41,50,24,41,19,0,8,24,28,21,4,8,7,45,57,0,0,37,17,18,3,7,12,2,21,0,2,7,34,11,57,34,31,51,31,0,72
2008/03,70,30,52,0,31,44,7,27,10,0,0,64,64,0,0,47,66,66,66,0,31,66,87,66,64,49,40,57,87,37,58,66,66,64,62,47,87,66,34,64,66,42,22,51,42,14,12,0,10,0,48,85,12,22,16,39,45,46,37,27,29,19,11,16,12,34,26,9,4,12,52,78,15,0,29,12,22,8,7,14,4,28,2,4,7,32,11,63,33,28,35,23,0,74
2008/04,78,16,14,29,27,56,10,40,0,13,9,63,67,0,0,34,60,67,68,0,31,67,80,68,63,49,42,57,80,50,45,68,67,63,52,44,80,68,34,63,67,38,15,31,19,21,0,22,35,0,46,88,9,0,11,32,26,26,48,29,40,34,10,27,28,33,23,6,4,13,37,70,0,0,40,14,7,9,14,9,3,28,3,1,6,38,10,57,30,30,0,31,0,61
2008/05,67,39,52,0,33,52,0,24,0,57,0,60,64,14,18,52,61,68,69,0,33,68,76,69,60,44,40,56,76,43,41,69,68,60,47,46,76,69,32,60,68,44,19,34,9,15,11,11,34,13,42,85,9,0,20,22,18,23,41,31,39,17,0,7,21,33,26,8,11,15,47,64,12,0,35,39,33,8,5,14,5,19,5,4,6,36,14,62,36,27,0,44,0,67
2008/06,67,27,32,25,21,57,0,27,10,49,9,60,63,10,18,45,64,70,67,0,32,70,74,67,60,49,36,60,74,46,47,67,70,60,47,54,74,67,44,60,70,55,31,31,9,22,11,11,9,13,50,88,17,0,25,43,20,28,37,29,41,17,20,7,15,34,28,11,19,24,44,70,0,0,23,27,16,6,11,11,2,31,4,3,6,31,11,64,34,29,0,27,0,62
2008/07,73,34,52,26,25,49,7,34,0,20,9,64,70,10,0,67,69,77,72,0,37,77,97,72,64,48,39,61,97,40,57,72,77,64,71,52,97,72,53,64,77,66,16,71,28,0,22,11,9,26,40,99,13,19,19,34,37,24,40,39,36,17,15,29,16,33,32,16,25,29,48,92,0,29,16,10,24,4,3,6,6,35,3,2,6,29,15,66,33,25,0,23,0,56
2008/08,73,38,39,14,42,41,12,33,9,19,0,56,59,14,0,48,58,61,73,0,24,61,74,73,56,52,28,52,74,34,48,73,61,56,45,39,74,73,31,56,61,49,25,42,27,12,10,0,25,12,48,84,11,18,20,24,27,45,40,21,33,24,9,23,19,31,29,11,18,28,35,63,12,0,26,17,17,6,6,12,1,18,3,2,7,35,16,67,35,32,0,25,16,64
2008/09,67,34,23,21,24,42,6,20,16,14,0,58,54,13,0,51,63,63,64,0,27,63,73,64,58,42,33,56,73,36,45,64,63,58,48,40,73,64,37,58,63,50,7,30,24,5,0,9,0,22,44,72,12,0,19,36,34,34,34,31,39,15,8,18,11,37,29,14,24,32,37,63,11,38,32,16,23,5,5,13,3,18,3,3,7,39,12,64,36,36,0,36,0,61
2008/10,69,34,42,15,16,49,5,27,7,13,0,54,53,11,0,53,59,59,64,0,24,59,69,64,54,44,35,60,69,33,42,64,59,54,43,34,69,64,34,54,59,26,18,22,52,12,17,9,7,10,48,69,10,0,14,33,31,41,32,26,31,0,23,8,19,36,30,14,22,37,40,76,10,0,32,12,23,9,7,7,4,31,2,6,6,38,12,62,37,37,24,25,0,61
2008/11,63,23,45,17,21,45,6,22,8,23,0,55,54,9,16,51,59,60,63,0,28,60,65,63,55,39,36,56,65,37,37,63,60,55,43,36,65,63,39,55,60,51,17,33,17,0,10,10,8,0,42,67,10,17,21,29,32,36,30,32,39,15,9,21,23,40,35,20,25,37,44,85,11,51,39,22,8,4,8,11,4,19,1,6,6,33,19,66,36,36,0,30,0,67
2008/12,75,42,64,38,17,48,9,31,18,22,0,59,65,19,0,48,62,65,67,0,44,65,65,67,59,42,37,53,65,28,35,67,65,59,40,38,65,67,26,59,65,55,19,43,36,6,0,0,9,25,26,63,6,37,17,35,23,22,22,44,29,17,0,20,11,43,45,32,49,61,44,100,0,0,31,14,10,7,6,8,4,28,0,3,8,30,25,81,45,29,0,17,0,82
2009/01,84,33,37,21,20,49,14,28,0,14,15,64,66,8,0,48,65,65,62,0,36,65,68,62,64,42,31,56,68,31,38,62,65,64,52,36,68,62,37,64,65,49,16,40,40,28,9,18,0,0,39,94,11,16,18,41,38,48,43,47,48,29,8,12,13,45,44,33,50,56,40,81,11,0,37,11,13,3,7,12,4,32,7,4,8,40,21,92,49,32,0,21,0,73
2009/02,75,34,57,8,21,47,11,30,8,22,0,56,56,17,16,43,55,53,56,0,19,53,57,56,56,31,24,57,57,29,29,56,53,56,35,29,57,56,37,56,53,39,13,45,32,32,0,0,23,0,42,81,11,17,19,41,35,37,31,23,35,15,13,30,17,41,39,24,50,48,35,76,0,26,26,19,17,3,7,4,4,28,11,4,6,37,17,75,36,26,0,26,0,71
2009/03,77,48,58,19,29,49,5,33,0,32,7,56,54,7,0,32,57,57,54,0,25,57,61,54,56,30,32,62,61,35,28,54,57,56,37,32,61,54,29,56,57,43,21,39,36,26,0,8,7,0,42,86,10,60,15,39,30,29,30,37,35,26,23,21,15,51,40,28,34,46,36,75,0,22,33,15,16,5,5,10,5,29,6,6,7,38,17,73,37,30,24,29,26,63
2009/04,77,31,33,17,64,48,8,28,0,27,7,56,58,8,15,69,60,62,58,0,57,62,62,58,56,57,21,63,62,32,57,58,62,56,49,61,62,58,38,56,62,46,23,32,63,8,9,9,15,0,45,78,12,65,19,32,37,37,28,49,64,14,21,20,29,57,55,38,87,86,44,83,0,0,25,20,13,10,5,9,4,35,9,6,9,40,17,100,49,33,0,19,0,66
2009/05,71,25,35,19,46,43,5,34,7,37,13,58,62,22,0,62,60,57,61,0,53,57,61,61,58,57,34,55,61,34,57,61,57,58,41,60,61,61,37,58,57,47,14,21,43,21,8,8,0,0,45,77,15,15,24,42,35,36,29,68,57,26,11,16,23,48,51,33,65,74,41,73,14,0,28,33,21,6,7,14,5,26,6,7,11,41,18,99,55,42,23,27,13,75
2009/06,77,34,39,18,35,54,5,30,7,48,13,59,60,0,0,65,59,60,60,0,71,60,65,60,59,63,37,62,65,34,62,60,60,59,35,60,65,60,37,59,60,45,17,48,42,25,20,12,0,0,43,75,16,14,30,37,31,35,37,47,51,0,22,15,11,47,50,33,51,65,44,78,9,22,29,39,16,6,7,10,5,33,6,7,9,38,26,90,51,41,0,31,0,72
2009/07,80,38,41,23,45,49,10,41,29,23,34,64,61,15,0,70,65,70,61,0,67,70,79,61,64,78,48,68,79,38,68,61,70,64,52,69,79,61,39,64,70,46,27,45,22,7,0,8,10,0,42,84,17,15,41,35,38,47,39,69,61,0,15,8,17,49,61,44,67,79,45,95,10,0,38,9,16,2,5,11,6,24,10,7,10,34,38,94,54,38,0,16,13,56
2009/08,82,10,36,15,36,43,10,23,0,7,13,60,64,18,14,66,63,67,71,0,75,67,70,71,60,89,33,59,70,34,71,71,67,60,55,71,70,71,34,60,67,44,23,41,7,21,0,0,0,10,44,73,20,29,35,47,34,43,40,56,53,0,7,26,24,46,56,37,65,70,41,79,29,22,14,18,13,5,6,15,8,39,12,5,11,41,40,82,48,40,23,25,25,81
2009/09,71,27,30,7,28,44,5,31,6,18,6,56,61,17,19,65,56,55,62,0,68,55,70,62,56,72,36,58,70,48,75,62,55,56,55,61,70,62,39,56,55,33,16,47,26,25,0,15,6,0,42,69,18,0,33,38,34,30,22,48,45,0,41,14,16,47,51,33,57,61,39,81,26,50,26,13,28,6,7,20,6,46,7,6,9,44,28,73,45,55,42,37,0,71
2009/10,82,24,45,27,34,40,13,34,13,13,17,57,58,10,0,90,60,55,61,0,76,55,73,61,57,77,42,66,73,49,89,61,55,57,51,72,73,61,44,57,55,40,15,46,19,18,7,7,6,0,43,61,17,26,25,27,28,31,31,40,51,11,20,28,22,53,60,40,79,69,42,69,17,20,42,16,24,9,8,20,8,32,8,9,10,40,39,68,45,59,0,18,17,79
2009/11,77,17,33,18,32,43,5,34,7,14,13,62,69,7,13,93,61,62,60,0,80,62,70,60,62,81,22,64,70,44,83,60,62,62,52,91,70,60,30,62,62,46,28,49,47,22,8,12,6,0,41,62,17,0,26,40,36,45,27,82,55,24,36,25,16,61,71,52,86,80,41,73,18,32,38,18,23,5,10,14,8,37,9,5,12,37,38,67,41,55,22,32,12,74
2009/12,81,38,45,32,47,45,5,39,8,24,21,67,79,27,15,90,71,63,64,0,80,63,73,64,67,82,51,60,73,45,100,64,63,67,59,91,73,64,43,67,63,36,28,44,23,7,9,9,11,0,30,47,13,47,38,41,40,33,29,53,54,14,28,31,5,60,86,64,100,98,44,85,10,24,29,15,16,8,8,10,10,28,21,8,14,42,52,93,47,54,0,11,27,92
2010/01,87,62,54,14,64,43,12,36,7,12,13,71,100,14,20,83,65,64,62,0,87,64,67,62,71,81,40,60,67,43,88,62,64,71,54,97,67,62,51,71,64,46,39,52,14,9,0,0,0,9,43,70,20,0,37,39,43,52,39,61,59,12,14,38,19,64,86,65,74,100,42,66,9,0,28,13,14,4,4,10,8,54,19,7,14,48,55,95,61,58,22,19,0,84
2010/02,87,24,40,14,66,43,14,33,0,16,19,65,85,21,0,78,57,54,59,0,69,54,62,59,65,79,42,59,62,41,82,59,54,65,54,87,62,59,52,65,54,33,39,62,7,22,8,8,6,0,48,61,19,28,30,33,37,39,43,52,61,12,14,20,14,60,71,52,80,76,29,67,9,21,39,20,19,11,9,20,9,39,15,9,13,42,46,76,45,72,55,23,24,76
2010/03,87,35,48,26,47,42,6,37,9,28,17,65,82,10,0,71,55,54,55,0,77,54,60,55,65,72,46,70,60,41,75,55,54,65,47,76,60,55,42,65,54,41,45,45,25,16,0,0,6,0,46,59,23,25,23,25,33,40,29,57,56,11,6,14,23,64,75,56,77,70,31,62,8,0,23,20,19,3,6,16,8,38,16,7,32,57,43,75,50,80,40,16,11,73
2010/04,83,36,55,20,54,46,13,35,19,27,0,60,76,13,13,78,57,46,54,0,78,46,54,54,60,73,37,64,54,35,68,54,46,60,40,73,54,54,41,60,46,42,37,68,13,13,7,0,6,0,45,55,17,53,32,32,35,39,27,66,58,0,13,19,15,67,78,57,67,71,33,81,18,0,41,10,18,14,16,17,8,52,22,11,100,100,45,75,43,86,84,16,0,63
2010/05,76,33,26,14,41,52,13,29,6,52,17,59,77,16,25,81,51,52,56,0,70,52,58,56,59,72,65,68,58,40,71,56,52,59,56,73,58,56,29,59,52,40,15,42,56,19,7,7,0,9,48,54,21,13,26,30,27,44,29,45,48,11,20,23,25,62,75,57,57,63,34,74,9,29,34,35,15,12,8,11,16,48,27,14,15,44,56,70,42,82,0,24,0,76
2010/06,76,42,44,10,36,47,5,29,7,43,24,56,72,17,13,80,50,52,55,0,82,52,58,55,56,75,75,69,58,33,78,55,52,56,46,74,58,55,33,56,52,41,54,53,20,15,0,0,15,9,44,51,24,27,27,35,35,34,28,49,46,18,14,22,8,65,77,62,55,70,31,77,9,0,34,38,23,8,9,11,8,46,16,16,15,47,60,70,42,98,64,16,12,72
2010/07,78,26,41,35,46,41,14,40,7,21,19,61,82,10,26,89,60,60,64,0,96,60,70,64,61,85,88,78,70,38,82,64,60,61,48,81,70,64,37,61,60,47,41,65,47,11,0,15,12,0,40,67,20,68,34,37,35,41,27,65,57,24,7,32,23,70,93,80,83,84,37,76,0,0,24,9,9,4,9,13,11,48,28,13,16,37,68,87,48,100,22,8,0,64
2010/08,70,28,51,7,31,42,17,39,12,34,23,60,75,19,12,74,54,58,66,0,100,58,86,66,60,88,71,64,86,43,96,66,58,60,52,71,86,66,42,60,58,36,28,52,37,6,7,7,9,9,41,70,26,25,32,36,21,33,28,39,51,11,19,48,16,54,71,54,70,65,34,68,8,19,19,15,15,6,7,15,13,52,23,11,15,43,60,66,40,72,0,25,0,80
2010/09,69,23,26,6,29,41,10,29,6,17,6,57,70,31,0,71,54,55,57,0,88,55,69,57,57,77,53,74,69,36,76,57,55,57,49,79,69,57,36,57,55,37,52,53,48,8,0,0,0,0,39,62,24,0,30,43,31,43,23,39,44,11,19,22,18,58,65,53,64,56,34,66,8,57,37,23,27,6,7,9,13,56,25,13,15,43,53,59,43,82,0,27,0,74
2010/10,71,31,33,15,25,44,6,29,0,24,16,54,71,12,11,73,52,53,56,0,83,53,68,56,54,70,63,73,68,38,75,56,53,54,47,73,68,56,38,54,53,39,40,53,46,9,0,0,5,0,41,59,21,0,32,34,31,28,22,34,41,10,6,34,13,58,68,54,52,57,36,63,16,36,33,12,27,6,11,18,17,48,27,11,13,41,54,58,41,79,19,25,0,67
2010/11,70,29,54,9,36,40,12,32,6,24,11,55,69,12,11,68,53,59,58,0,80,59,62,58,55,78,53,66,62,34,64,58,59,55,38,81,62,58,30,55,59,48,36,45,18,15,7,10,11,0,41,58,21,48,30,35,32,34,25,48,50,11,12,56,12,62,69,56,76,60,34,58,12,36,38,18,13,3,5,12,17,50,30,12,15,42,52,55,41,73,19,19,10,72
2010/12,65,42,27,17,50,35,14,29,13,32,18,59,81,7,0,68,58,63,58,0,73,63,67,58,59,63,54,61,67,39,78,58,63,59,45,88,67,58,37,59,63,46,48,36,39,4,8,15,12,0,30,48,18,27,38,35,25,27,20,49,46,24,17,48,9,61,83,68,65,73,35,78,9,31,25,8,15,4,8,7,20,49,42,19,17,44,80,74,47,58,22,13,0,79
2011/01,74,40,40,16,39,39,8,34,16,17,10,61,82,21,18,77,55,61,56,0,80,61,71,56,61,67,47,60,71,34,79,56,61,61,52,80,71,56,39,61,61,42,41,44,33,17,4,9,7,10,36,64,26,23,27,31,30,31,31,46,55,7,21,48,26,66,86,69,64,63,38,66,13,11,30,11,17,1,3,10,21,60,37,21,17,50,70,79,54,64,12,19,0,94
2011/02,69,21,47,10,44,37,6,25,11,18,14,55,69,11,14,70,50,50,49,0,65,50,56,49,55,59,41,62,56,34,63,49,50,55,45,73,56,49,28,55,50,31,25,48,29,13,4,6,14,5,44,58,19,23,26,31,26,39,21,39,48,13,17,31,22,61,78,60,67,50,37,53,5,23,35,9,23,5,5,16,20,52,30,20,14,41,58,66,46,62,60,21,7,78
2011/03,71,31,26,10,27,35,2,32,6,24,21,53,69,10,6,64,48,60,49,0,71,60,54,49,53,62,38,65,54,36,66,49,60,53,38,87,54,49,42,53,60,39,52,48,49,19,6,8,6,11,45,60,22,33,23,31,33,33,25,39,43,6,12,34,11,61,74,66,72,57,34,60,4,20,40,11,27,3,4,13,23,65,35,20,15,39,55,56,43,51,37,20,6,67
2011/04,70,28,30,27,24,30,3,26,4,20,14,52,64,9,7,61,50,68,49,0,67,68,54,49,52,64,35,68,54,38,60,49,68,52,38,88,54,49,32,52,68,40,43,45,22,11,4,8,7,0,35,60,24,30,26,36,29,31,19,37,41,10,29,46,9,67,86,78,83,65,30,62,5,11,24,10,20,2,4,16,23,66,34,21,17,45,55,65,44,48,24,11,0,61
2011/05,71,31,29,9,42,37,2,23,6,35,6,52,64,8,19,63,48,62,52,0,72,62,53,52,52,71,42,69,53,49,66,52,62,52,40,81,53,52,33,52,62,43,31,52,26,13,8,0,6,9,43,60,25,34,22,29,29,30,23,29,47,12,17,46,19,61,82,68,62,52,29,57,11,31,32,32,24,5,8,17,23,64,34,25,16,44,65,59,39,41,16,18,9,61
2011/06,68,23,20,7,35,37,2,19,13,27,18,52,61,7,13,66,50,61,50,0,68,61,60,50,52,67,38,72,60,50,74,50,61,52,38,85,60,50,43,52,61,46,58,46,23,9,4,4,6,9,38,57,27,40,24,28,27,29,24,35,51,6,17,40,23,65,87,73,55,53,30,56,11,15,36,32,16,4,7,10,22,61,35,23,16,44,71,62,40,45,11,11,0,56
2011/07,69,19,32,9,24,34,6,23,7,18,13,54,68,7,7,74,50,70,53,0,81,70,66,53,54,67,42,68,66,44,83,53,70,54,45,100,66,53,39,54,70,46,46,41,34,3,4,6,10,5,36,56,27,21,28,32,23,33,24,47,50,6,14,39,10,73,99,95,95,71,29,78,14,32,19,7,18,4,4,9,27,64,40,26,17,42,83,73,48,44,0,10,6,61
2011/08,67,32,31,32,37,31,4,29,7,19,23,53,66,11,0,100,52,76,58,0,78,76,69,58,53,69,44,65,69,43,78,58,76,53,44,84,69,58,37,53,76,36,42,32,21,12,5,12,11,4,45,66,31,31,34,37,31,31,21,39,58,5,24,35,19,65,86,76,65,50,28,64,14,9,31,28,19,2,5,16,23,77,45,24,18,44,76,62,45,39,10,17,5,82
2011/09,65,20,35,18,33,32,3,23,4,14,14,49,59,6,6,78,48,69,54,0,68,69,65,54,49,54,34,66,65,37,68,54,69,49,41,77,65,54,32,49,69,46,50,38,23,8,5,10,5,8,42,71,34,18,30,37,30,36,31,38,53,8,18,41,20,64,83,67,60,55,26,52,16,23,32,29,21,6,7,11,31,71,42,24,16,48,69,57,42,47,10,24,5,77
2011/10,64,21,32,25,33,31,7,27,7,24,13,48,59,12,5,62,51,71,53,0,53,71,58,53,48,47,41,68,58,38,47,53,71,48,37,79,58,53,39,48,71,41,38,30,50,11,5,3,3,0,40,66,26,40,34,38,30,35,27,38,64,10,12,44,14,71,86,75,74,58,27,44,13,30,27,15,9,6,8,6,26,57,43,33,17,45,70,55,46,43,18,16,5,74
2011/11,61,22,26,16,41,30,5,24,6,22,11,51,62,9,11,45,52,66,53,0,39,66,63,53,51,47,33,64,63,36,33,53,66,51,40,51,63,53,33,51,66,46,40,40,25,7,16,3,8,8,40,68,30,35,49,47,28,41,24,42,60,5,24,93,14,71,89,81,72,65,30,49,14,26,38,12,15,4,7,13,33,73,39,31,17,40,74,57,47,36,23,20,0,84
2011/12,62,29,37,21,27,28,2,27,12,18,9,55,67,16,24,49,58,71,53,0,35,71,64,53,55,44,51,62,64,41,36,53,71,55,42,49,64,53,33,55,71,43,45,56,40,5,7,7,4,0,30,65,27,25,43,48,27,30,18,36,52,6,49,75,17,76,100,92,87,77,43,57,17,14,29,11,10,3,4,6,46,75,59,36,20,50,100,78,65,31,10,8,0,100
2012/01,70,31,50,28,77,32,5,32,11,19,12,58,76,11,10,44,55,72,52,0,44,72,60,52,58,43,42,64,60,41,35,52,72,58,45,48,60,52,36,58,72,43,55,54,29,9,5,0,5,4,48,100,39,22,41,39,34,38,22,34,59,10,28,70,19,73,95,82,93,70,33,53,18,17,35,10,18,3,5,11,52,78,69,45,22,52,98,86,66,30,26,12,0,87
2012/02,70,46,45,18,43,35,6,27,16,23,17,53,71,16,10,41,52,66,48,0,42,66,62,48,53,38,37,63,62,37,31,48,66,53,44,43,62,48,35,53,66,31,51,54,42,12,6,9,5,7,54,80,40,33,32,35,32,44,24,35,55,5,32,55,19,63,70,55,67,68,30,51,13,12,30,16,20,6,7,11,57,80,61,49,20,49,81,74,62,35,17,19,5,79
2012/03,66,41,40,16,39,32,9,30,11,13,18,51,67,22,5,37,50,63,49,0,38,63,60,49,51,39,40,67,60,36,29,49,63,51,42,41,60,49,39,51,63,37,38,41,47,16,3,6,6,3,49,76,43,25,38,38,34,40,21,31,51,9,18,56,15,63,64,52,64,54,28,52,10,12,40,10,14,4,7,10,53,75,62,42,19,46,81,69,68,34,28,16,13,75
2012/04,64,37,40,18,41,33,4,24,8,18,8,50,58,7,11,36,52,59,48,0,41,59,58,48,50,40,35,71,58,39,27,48,59,50,38,40,58,48,30,50,59,45,56,45,51,12,5,3,5,8,37,62,32,29,25,36,34,37,22,35,50,10,25,56,23,71,69,63,72,51,30,58,8,17,32,13,12,3,5,9,66,80,64,68,20,50,81,73,76,32,18,9,5,65
2012/05,64,29,32,19,37,31,5,18,5,32,20,47,53,11,14,43,49,55,49,0,40,55,56,49,47,37,43,67,56,40,28,49,55,47,37,38,56,49,29,47,55,49,36,42,41,11,3,8,5,16,42,58,30,15,29,33,32,34,20,34,44,0,23,43,16,64,57,55,45,36,26,53,12,11,36,38,17,4,4,12,68,77,73,66,19,48,82,64,71,32,32,21,4,63
2012/06,63,24,31,18,30,30,5,19,10,21,12,46,52,14,10,34,51,57,46,0,25,57,53,46,46,34,40,70,53,38,24,46,57,46,35,37,53,46,31,46,57,32,41,43,32,11,7,4,5,5,42,57,32,26,32,35,22,31,18,26,47,5,23,58,28,72,65,65,61,40,27,54,0,19,31,23,14,8,8,7,64,87,71,69,20,49,84,69,76,31,8,12,7,57
2012/07,65,26,43,20,34,30,3,20,11,20,17,49,60,16,0,39,55,64,53,0,27,64,59,53,49,40,41,75,59,40,30,53,64,49,37,34,59,53,39,49,64,48,54,39,41,3,6,3,4,5,38,67,33,36,37,36,29,34,25,40,50,7,41,99,18,82,77,78,78,56,26,58,10,12,26,4,9,2,7,10,75,94,79,79,22,47,94,72,83,32,0,7,0,58
2012/08,66,30,34,23,32,29,5,20,5,15,4,48,53,16,5,33,54,62,52,0,21,62,59,52,48,40,42,63,59,44,28,52,62,48,39,33,59,52,32,48,62,37,49,41,47,5,4,11,2,8,44,70,36,29,28,29,32,34,22,28,45,4,39,100,17,72,66,63,61,46,25,49,10,18,28,14,14,4,2,10,81,91,82,90,21,48,84,60,82,37,8,19,4,71
2012/09,63,34,35,19,32,29,2,22,9,21,9,47,52,8,7,34,52,59,51,0,25,59,57,51,47,37,48,69,57,38,25,51,59,47,32,32,57,51,32,47,59,36,47,33,38,9,7,3,2,3,41,62,29,24,33,33,32,36,20,38,38,6,24,61,22,73,62,64,73,63,29,44,13,22,42,18,10,4,3,9,76,100,91,90,20,51,79,56,79,49,15,24,8,66
2012/10,62,27,35,21,32,30,7,19,7,20,12,45,52,7,4,34,53,60,50,0,27,60,58,50,45,33,44,70,58,42,26,50,60,45,33,36,58,50,33,45,60,33,51,35,45,5,6,5,5,3,40,59,25,27,37,35,28,34,20,36,37,10,27,55,22,74,62,62,66,77,26,41,15,33,33,11,10,5,5,11,71,94,69,88,19,50,68,53,78,38,7,18,4,62
2012/11,60,27,28,12,31,26,3,21,3,16,12,45,54,7,4,41,57,65,52,0,38,65,64,52,45,37,43,65,64,41,29,52,65,45,40,38,64,52,32,45,65,34,46,52,42,10,6,3,5,5,37,57,25,23,55,56,36,35,20,31,44,8,42,100,13,78,67,69,59,59,27,48,6,14,45,10,9,4,7,11,81,73,90,78,19,47,69,54,82,34,7,18,4,63
2012/12,54,32,39,23,35,27,5,24,13,17,7,45,57,9,12,35,53,63,52,0,33,63,60,52,45,34,38,64,60,45,25,52,63,45,32,35,60,52,27,45,63,38,48,49,44,10,8,11,8,7,26,47,22,10,37,40,28,36,17,26,36,9,27,83,16,81,78,76,63,52,29,53,7,19,30,7,8,3,5,7,95,83,96,100,21,50,84,71,100,31,8,8,0,70
2013/01,66,41,45,17,44,29,5,24,8,22,19,49,56,12,4,33,58,65,54,0,31,65,63,54,49,32,48,66,63,41,27,54,65,49,40,35,63,54,35,49,65,45,54,42,35,7,4,5,6,0,43,70,36,30,45,43,33,39,20,29,49,8,20,72,15,80,76,76,65,46,26,50,13,19,38,8,14,4,4,12,100,91,100,99,23,51,81,70,93,33,7,12,4,66
2013/02,66,23,35,23,42,29,4,22,23,23,12,46,52,11,9,27,57,58,51,0,24,58,60,51,46,26,42,66,60,41,31,51,58,46,36,33,60,51,30,46,58,37,47,44,35,12,3,5,4,3,46,59,31,36,35,35,36,42,21,25,38,4,23,66,19,77,68,68,56,39,25,48,12,31,45,12,16,6,5,12,94,93,100,89,21,52,70,55,78,34,7,19,8,66
2013/03,61,30,40,28,36,28,3,18,3,11,23,47,51,10,10,46,59,61,51,0,32,61,63,51,47,31,45,66,63,43,36,51,61,47,39,33,63,51,30,47,61,37,52,38,49,14,7,8,6,11,50,60,51,12,39,37,32,41,19,39,45,9,22,67,20,85,76,78,57,44,26,50,8,10,36,15,54,26,30,29,97,96,94,90,22,49,74,54,80,38,13,14,4,57
2013/04,68,31,35,29,40,30,3,20,5,20,18,47,51,13,4,31,58,60,56,0,28,60,58,56,47,34,47,71,58,44,24,56,60,47,41,29,58,56,36,47,60,35,60,51,28,19,7,5,5,8,58,62,56,41,33,33,37,34,22,37,44,5,33,46,21,85,67,75,69,42,26,50,5,12,33,17,28,13,21,17,91,89,97,88,22,50,66,49,73,43,6,10,0,62
2013/05,63,26,33,13,30,30,7,23,5,18,7,47,50,17,7,34,56,59,50,0,27,59,58,50,47,26,47,70,58,40,27,50,59,47,37,30,58,50,28,47,59,39,55,39,46,10,3,3,4,4,53,54,53,27,33,35,38,35,23,35,40,9,23,41,21,84,70,75,55,40,25,51,14,15,35,35,20,13,15,16,94,90,97,75,21,48,71,48,70,39,0,13,3,56
2013/06,62,26,35,24,34,32,4,24,8,21,11,47,49,7,8,31,55,64,51,0,26,64,60,51,47,27,50,75,60,42,27,51,64,47,39,36,60,51,32,47,64,41,53,44,52,4,11,3,6,7,54,54,56,45,35,38,32,33,18,36,43,4,17,52,16,89,76,84,64,40,24,47,15,15,33,25,22,14,15,16,91,82,90,78,21,47,66,47,71,39,0,10,11,49
2013/07,65,33,38,18,34,34,2,27,6,14,9,50,54,12,12,38,60,66,57,0,28,66,67,57,50,28,54,77,67,51,33,57,66,50,46,32,67,57,38,50,66,41,53,51,46,4,8,6,5,4,55,58,61,12,35,36,36,36,23,45,52,9,25,54,20,95,87,100,60,48,24,49,7,25,26,9,15,5,7,8,88,91,93,76,24,44,71,54,77,35,7,5,4,53
2013/08,65,30,35,25,36,30,3,26,10,12,16,47,51,18,11,38,58,63,53,0,33,63,63,53,47,27,53,64,63,47,30,53,63,47,39,33,63,53,37,47,63,37,53,39,40,7,4,8,6,4,51,53,53,35,39,35,39,43,23,43,48,7,26,66,20,85,76,85,57,36,20,40,13,24,27,15,17,4,5,16,84,90,93,80,23,51,71,47,70,40,6,14,3,60
2013/09,59,26,31,19,26,32,7,22,4,15,7,44,47,10,14,38,53,57,48,0,30,57,58,48,44,21,44,64,58,38,21,48,57,44,31,25,58,48,31,44,57,34,42,26,43,7,4,6,6,5,48,48,47,27,34,31,34,36,18,39,35,3,26,55,17,87,73,87,52,36,22,38,13,32,39,14,13,5,7,12,82,90,79,57,23,48,64,42,61,42,0,20,5,57
2013/10,62,30,28,19,36,33,4,21,2,15,16,44,47,20,12,36,54,59,50,0,31,59,60,50,44,22,46,71,60,45,23,50,59,44,37,30,60,50,28,44,59,44,52,40,30,9,9,3,4,7,48,46,43,29,39,32,34,45,22,42,40,11,22,61,14,83,68,77,45,31,23,38,29,22,42,9,13,7,7,10,68,94,72,61,22,44,58,36,58,42,0,17,3,58
2013/11,58,33,32,28,37,30,3,22,5,11,19,47,51,15,11,41,58,62,53,0,36,62,62,53,47,26,51,72,62,44,23,53,62,47,40,32,62,53,34,47,62,43,57,49,33,7,2,4,8,4,48,47,47,27,65,60,45,49,21,40,45,3,28,85,14,83,72,79,49,35,25,37,11,20,43,11,16,3,8,8,71,87,71,61,23,46,66,37,59,38,0,15,3,59
2013/12,58,37,48,24,36,30,6,27,5,14,22,51,56,14,0,39,61,63,56,0,33,63,64,56,51,25,52,70,64,45,23,56,63,51,43,30,64,56,33,51,63,43,67,49,36,5,3,5,7,4,38,40,36,45,38,36,37,46,16,30,34,11,32,64,15,94,85,92,47,38,24,49,16,16,34,7,7,3,5,6,81,88,74,68,25,50,69,40,61,33,13,7,4,74
2014/01,65,35,35,25,41,32,8,25,6,18,28,51,58,10,10,34,62,65,53,0,24,65,63,53,51,24,50,69,63,47,20,53,65,51,48,29,63,53,36,51,65,44,64,53,51,9,8,4,7,6,56,60,56,21,36,37,44,50,23,29,48,6,24,65,19,91,77,85,42,30,22,40,11,27,35,7,16,4,5,10,76,96,79,72,25,50,65,37,56,36,6,11,5,65
2014/02,67,28,36,26,32,33,4,24,10,18,23,48,53,9,7,30,61,64,51,0,27,64,60,51,48,23,51,69,60,45,21,51,64,48,37,31,60,51,31,48,64,38,58,51,45,12,5,7,6,4,52,52,50,19,32,27,45,57,19,36,36,5,25,60,19,87,69,71,26,23,20,37,9,18,32,11,14,7,7,12,67,81,73,63,25,53,60,29,53,36,0,21,7,61
2014/03,68,32,37,24,34,36,5,21,8,15,8,48,49,19,11,28,60,63,53,0,35,63,60,53,48,23,50,73,60,44,20,53,63,48,39,30,60,53,31,48,63,39,60,50,45,15,8,4,7,8,56,59,48,14,35,30,43,49,22,34,44,3,24,74,18,92,72,74,29,26,19,36,7,18,37,11,20,11,16,16,62,88,58,56,23,47,51,22,48,39,11,18,6,58
2014/04,67,22,33,18,37,33,3,29,6,22,32,48,48,13,10,32,59,62,53,0,30,62,61,53,48,24,49,77,61,46,22,53,62,48,42,30,61,53,38,48,62,37,73,40,36,10,4,6,6,5,51,54,48,30,38,33,41,49,21,30,42,8,24,58,18,100,75,81,39,25,19,36,5,14,33,21,42,100,100,30,55,87,59,53,24,45,54,23,48,38,6,12,0,55
2014/05,66,36,34,17,43,33,6,21,6,17,14,47,47,15,3,36,61,64,53,1,26,64,61,53,47,23,51,82,61,49,23,53,64,47,37,28,61,53,37,47,64,40,55,38,36,12,5,6,8,4,53,52,48,35,39,36,39,48,20,28,43,6,29,54,14,89,69,73,30,24,21,34,14,8,38,34,26,28,31,20,55,87,49,56,25,51,56,20,48,35,0,14,0,51
2014/06,60,28,33,21,40,33,5,28,8,33,14,44,46,16,4,32,61,65,49,1,26,65,58,49,44,21,47,78,58,42,21,49,65,44,40,32,58,49,32,44,65,38,57,38,35,9,13,11,6,5,53,52,53,34,36,30,37,45,22,33,32,7,23,58,15,84,67,71,33,22,18,38,5,20,32,28,20,12,18,17,51,80,49,46,25,46,51,18,45,31,6,11,3,48
2014/07,72,37,44,21,35,34,5,29,7,12,16,50,49,8,11,43,71,77,60,1,39,77,73,60,50,28,63,87,73,50,29,60,77,50,47,43,73,60,44,50,77,43,57,46,64,2,8,7,7,8,60,63,67,31,45,35,43,50,24,30,45,0,28,65,18,91,76,80,40,24,21,39,3,18,27,13,48,93,94,41,52,91,54,44,27,47,51,18,45,33,9,8,3,50
2014/08,63,32,27,17,27,34,4,24,10,20,21,47,47,22,5,36,69,77,59,2,41,77,72,59,47,24,55,74,72,48,27,59,77,47,46,39,72,59,39,47,77,48,51,49,61,5,6,4,9,5,63,56,66,27,35,34,40,46,21,38,41,12,31,60,12,86,69,68,25,21,18,35,9,23,29,17,34,33,38,28,50,96,50,47,26,46,47,16,40,37,0,15,0,67
2014/09,64,35,36,28,53,33,10,23,9,14,16,46,42,13,5,34,62,66,53,2,27,66,66,53,46,24,50,79,66,46,25,53,66,46,44,32,66,53,32,46,66,46,52,58,25,9,6,7,4,2,60,55,57,36,36,32,42,43,24,24,37,11,27,60,19,77,65,59,33,21,21,31,22,36,52,16,23,22,26,17,47,98,35,42,25,48,48,14,37,40,0,21,3,57
2014/10,67,35,40,34,48,34,8,25,4,15,19,45,45,10,7,37,63,66,53,3,23,66,65,53,45,24,49,82,65,44,24,53,66,45,43,31,65,53,36,45,66,44,62,44,38,4,5,4,4,5,59,48,63,44,39,38,45,52,23,34,44,5,18,52,15,82,62,58,23,18,19,26,6,18,36,15,20,19,22,17,45,90,32,38,24,46,50,11,31,37,5,16,7,53
2014/11,63,33,38,22,41,31,4,22,11,15,7,44,45,14,4,41,69,71,54,3,33,71,67,54,44,25,56,81,67,46,22,54,71,44,42,30,67,54,30,44,71,40,65,44,58,8,3,6,5,2,49,46,53,44,60,54,47,57,20,34,39,8,26,79,15,80,66,62,31,21,23,32,15,25,50,11,21,28,27,19,44,94,40,38,26,48,54,14,31,31,0,16,5,55
2014/12,68,40,49,38,53,33,4,20,7,12,22,48,50,20,13,35,71,74,58,5,34,74,72,58,48,26,60,80,72,49,25,58,74,48,49,31,72,58,40,48,74,47,64,43,47,4,3,2,4,3,44,44,47,32,43,43,43,52,16,28,37,4,28,63,17,87,77,69,28,25,21,31,11,15,29,9,17,19,22,15,45,95,40,40,29,51,59,13,36,25,0,8,0,75
2015/01,74,32,48,34,53,35,12,29,9,18,18,51,53,14,12,43,74,79,63,10,34,79,70,63,51,26,58,81,70,51,25,63,79,51,46,34,70,63,42,51,79,51,80,54,57,6,2,4,6,2,58,62,73,21,37,37,54,60,19,31,43,6,27,73,17,92,76,72,28,24,23,31,19,11,32,12,24,32,39,15,47,94,39,43,31,55,55,13,33,27,0,11,3,73
2015/02,71,35,43,30,39,36,7,20,5,12,8,46,46,13,5,44,69,77,58,31,26,77,66,58,46,23,53,75,66,56,20,58,77,46,44,32,66,58,36,46,77,41,94,47,33,10,9,7,8,4,63,56,69,22,35,36,50,55,23,26,35,7,17,60,17,90,66,61,30,21,20,25,7,11,41,14,14,12,20,12,40,88,37,37,28,50,51,11,31,32,0,35,6,66
2015/03,70,37,51,25,51,35,8,23,12,18,22,47,48,17,8,39,69,78,63,44,23,78,67,63,47,28,57,85,67,100,21,63,78,47,44,31,67,63,35,47,78,44,91,51,54,8,8,4,8,3,60,68,67,17,40,42,53,61,28,23,39,9,16,57,10,85,66,58,24,20,19,32,14,10,35,11,16,15,18,14,40,83,41,37,28,51,53,12,31,32,0,18,4,52
2015/04,71,28,30,26,46,38,5,22,14,21,12,46,43,16,5,37,72,76,59,43,22,76,69,59,46,23,66,84,69,75,20,59,76,46,43,27,69,59,34,46,76,53,68,47,51,14,7,7,6,5,59,62,60,33,38,42,48,51,21,32,31,10,16,66,16,86,64,58,26,22,18,32,8,8,28,11,16,14,13,15,37,89,36,40,28,50,54,11,30,36,6,15,6,52
2015/05,63,28,44,27,31,33,5,19,9,19,13,41,39,12,5,41,75,76,56,49,32,76,65,56,41,21,61,82,65,65,18,56,76,41,37,28,65,56,33,41,76,42,74,39,37,14,4,7,8,9,54,52,50,38,43,38,44,47,17,29,18,9,15,54,11,76,59,52,23,20,19,35,5,18,33,25,13,15,16,14,38,87,33,38,28,51,52,11,26,29,0,14,3,50
2015/06,72,40,43,28,39,36,4,25,11,23,25,44,44,13,8,44,76,77,59,44,29,77,73,59,44,25,62,90,73,67,22,59,77,44,43,30,73,59,35,44,77,40,84,43,42,12,6,6,7,6,60,52,65,45,45,48,47,54,26,27,32,6,24,61,14,82,61,56,24,19,19,31,6,21,31,32,15,12,14,13,31,87,29,35,27,50,50,11,24,30,6,13,3,49
2015/07,76,33,46,27,41,35,8,23,6,22,17,48,43,8,3,45,79,83,61,57,25,83,78,61,48,24,66,95,78,69,24,61,83,48,41,30,78,61,35,48,83,48,84,50,55,4,5,7,4,7,71,54,70,43,51,49,49,64,23,31,36,9,30,56,14,80,67,56,23,20,17,33,8,10,18,7,16,8,12,11,39,90,35,35,29,52,58,11,25,30,0,9,0,48
2015/08,71,38,39,30,37,34,7,20,6,13,18,46,43,18,5,45,78,83,62,71,24,83,77,62,46,24,73,85,77,62,24,62,83,46,47,33,77,62,39,46,83,46,71,46,60,2,6,5,6,3,59,48,64,39,53,43,48,63,23,37,26,10,20,57,14,76,59,49,18,17,18,26,6,15,24,8,14,8,10,9,36,99,32,38,30,52,55,12,24,33,0,15,3,61
2015/09,69,30,38,25,41,34,7,21,6,11,20,42,41,19,0,41,73,79,58,85,33,79,73,58,42,25,58,85,73,54,24,58,79,42,45,32,73,58,35,42,79,42,86,38,68,7,4,5,11,4,53,48,54,46,50,41,47,64,19,34,20,12,26,47,14,66,50,40,17,15,23,26,28,21,47,14,16,9,14,14,33,91,30,35,28,51,53,11,22,40,0,20,3,57
2015/10,70,32,45,26,32,29,6,19,12,12,22,42,41,18,3,42,72,75,61,91,28,75,74,61,42,24,60,90,74,62,25,61,75,42,42,29,74,61,32,42,75,44,79,38,40,9,2,5,9,11,53,46,53,43,49,46,52,61,21,32,26,5,19,41,14,70,51,40,19,15,19,26,9,13,32,10,13,10,10,11,33,86,25,34,29,48,53,9,21,39,0,13,4,48
2015/11,69,36,48,24,40,30,6,17,8,17,12,42,40,10,7,39,73,76,60,94,28,76,77,60,42,25,56,86,77,87,25,60,76,42,40,29,77,60,33,42,76,42,100,47,49,7,3,3,3,9,55,42,51,30,62,60,49,60,16,34,31,12,24,54,16,70,54,41,19,16,21,26,9,30,43,9,15,9,11,11,28,82,25,30,28,51,62,10,21,40,5,14,3,54
2015/12,72,54,69,51,59,31,9,18,10,20,12,48,42,11,6,47,79,84,65,100,27,84,81,65,48,23,75,88,81,88,24,65,84,48,41,29,81,65,32,48,84,46,90,40,69,5,7,6,4,7,42,38,45,36,49,47,43,55,15,24,32,4,26,52,9,81,64,48,23,20,21,27,7,28,29,7,10,5,10,5,27,81,26,28,33,51,66,12,24,35,5,7,0,64
2016/01,69,43,55,40,42,33,4,22,7,14,20,45,44,10,6,34,72,80,60,98,27,80,70,60,45,19,59,86,70,84,21,60,80,45,36,28,70,60,30,45,80,49,93,62,51,8,5,10,9,7,50,45,52,38,42,44,61,70,16,24,29,6,18,46,15,83,64,48,20,19,20,23,10,12,32,5,11,7,9,7,25,69,24,26,28,47,53,10,26,34,0,9,3,52
2016/02,69,38,48,31,37,30,4,20,5,17,16,40,39,9,9,32,70,72,56,87,26,72,64,56,40,18,51,79,64,64,16,56,72,40,34,24,64,56,30,40,72,44,83,45,59,10,7,3,4,10,52,42,49,50,35,36,53,61,19,26,18,4,14,28,13,72,55,41,14,13,20,19,7,12,37,8,11,10,10,10,24,69,23,24,27,47,45,9,23,33,0,29,8,44
2016/03,67,38,43,35,36,31,5,18,4,13,8,43,38,9,6,29,70,75,58,82,24,75,64,58,43,19,58,86,64,63,18,58,75,43,33,26,64,58,28,43,75,37,86,41,46,10,4,4,8,5,46,43,44,33,47,46,53,60,18,24,23,4,19,40,14,78,60,45,18,15,16,23,2,16,22,7,11,9,10,7,21,66,18,26,26,42,50,8,21,33,0,16,3,41
2016/04,70,30,38,24,32,31,6,16,6,15,15,42,36,15,7,28,72,73,56,77,20,73,65,56,42,19,51,90,65,59,18,56,73,42,33,25,65,56,25,42,73,41,76,38,54,18,4,3,6,8,47,48,47,15,41,44,58,66,20,27,24,5,17,36,15,70,52,38,10,12,16,20,8,5,22,8,15,10,11,6,19,62,17,24,27,44,53,8,19,53,5,15,3,39
2016/05,66,35,36,25,34,29,3,20,3,13,11,43,36,8,9,28,70,72,55,73,21,72,64,55,43,17,54,87,64,58,16,55,72,43,34,24,64,55,28,43,72,37,70,30,52,12,6,3,10,8,48,39,48,37,43,41,53,57,17,18,24,9,18,45,11,67,51,39,17,12,16,23,11,7,27,21,14,11,11,10,20,56,13,23,27,42,50,7,20,38,5,13,5,37
2016/06,67,26,43,24,27,33,8,23,2,19,17,43,37,10,3,34,76,78,60,86,24,78,76,60,43,19,58,91,76,59,19,60,78,43,35,24,76,60,30,43,78,47,72,39,45,9,6,11,4,3,52,38,55,38,43,44,48,58,19,20,21,6,21,34,15,69,53,41,16,16,15,21,2,7,24,28,14,6,8,11,19,62,15,21,27,46,55,6,18,31,0,12,4,38
2016/07,69,35,47,31,33,32,3,19,5,13,6,42,37,11,0,33,79,81,62,81,21,81,76,62,42,20,68,97,76,66,17,62,81,42,37,25,76,62,28,42,81,40,78,33,47,3,17,10,4,5,52,41,54,38,49,49,57,62,22,18,19,8,14,46,13,77,60,45,19,15,13,23,7,5,12,6,10,6,6,3,22,73,20,26,30,45,62,8,19,27,0,6,0,38
2016/08,70,39,43,28,27,28,4,18,2,7,15,40,34,12,6,29,77,80,59,76,20,80,72,59,40,16,59,78,72,57,18,59,80,40,31,25,72,59,31,40,80,40,70,33,53,7,8,7,5,9,59,39,65,44,43,43,52,58,22,21,21,0,19,35,17,60,50,37,15,13,13,19,2,8,19,7,13,7,7,7,18,75,15,23,27,41,53,7,14,35,0,12,6,47
2016/09,68,25,40,21,28,30,7,14,4,10,17,39,32,9,5,28,75,88,59,57,18,88,72,59,39,17,63,86,72,54,16,59,88,39,35,29,72,59,33,39,88,32,64,36,50,4,8,8,5,5,58,37,58,40,43,43,46,56,17,27,18,6,19,35,12,61,47,33,13,12,19,18,19,30,36,12,14,6,7,10,15,62,17,21,25,47,54,6,15,38,0,17,6,44
2016/10,69,33,44,21,31,31,3,13,6,10,7,39,30,6,3,31,77,86,62,57,23,86,74,62,39,18,57,94,74,53,18,62,86,39,35,27,74,62,32,39,86,37,55,35,68,7,5,6,5,6,53,37,51,46,51,52,54,59,19,20,20,6,14,39,12,64,50,35,13,11,16,16,13,15,28,9,9,8,6,9,15,67,16,18,25,45,48,5,15,36,0,12,4,41
2016/11,75,37,54,21,33,28,6,14,2,16,13,39,32,7,13,32,79,86,61,54,24,86,75,61,39,19,69,87,75,54,18,61,86,39,35,25,75,61,26,39,86,38,56,32,43,7,6,6,5,10,50,35,46,53,68,69,50,64,22,23,19,10,19,43,14,60,48,32,11,13,19,20,11,15,29,9,11,6,9,7,13,62,15,19,25,43,53,5,15,31,5,13,3,50
2016/12,73,37,63,30,42,29,8,21,3,9,13,43,38,12,3,31,84,89,66,47,22,89,79,66,43,19,69,100,79,57,17,66,89,43,39,23,79,66,31,43,89,35,70,42,51,7,7,8,4,7,37,31,39,35,51,45,52,56,17,18,16,9,22,41,15,63,55,35,13,12,17,21,6,11,20,6,9,6,8,7,15,49,13,20,27,42,62,7,14,25,0,7,0,58
2017/01,77,39,61,29,40,31,8,17,4,13,16,44,36,13,5,32,90,91,66,36,23,91,78,66,44,25,66,87,78,57,18,66,91,44,42,28,78,66,34,44,91,34,65,31,42,9,4,2,8,12,59,48,60,35,46,44,60,68,21,20,19,7,17,45,15,66,55,36,21,12,15,24,14,24,27,6,9,4,5,6,14,67,13,20,27,43,58,7,13,30,0,10,3,59
2017/02,71,33,48,30,33,30,5,19,5,11,16,42,34,11,12,34,84,90,57,31,19,90,70,57,42,17,57,84,70,54,15,57,90,42,33,26,70,57,35,42,90,54,62,30,64,10,8,8,4,4,60,43,61,36,44,43,53,61,18,19,22,4,12,39,12,63,49,33,14,10,17,21,12,12,27,7,9,7,8,9,14,64,15,22,26,47,48,7,12,34,5,27,9,52
2017/03,77,37,38,41,39,31,4,16,6,14,17,42,34,13,3,27,80,87,57,30,18,87,69,57,42,17,55,89,69,51,15,57,87,42,32,25,69,57,34,42,87,44,66,36,56,10,6,6,6,6,57,49,53,29,45,43,53,62,22,22,18,18,17,26,12,63,48,35,13,10,16,16,11,20,28,9,10,8,8,9,15,59,12,24,26,41,51,5,12,32,0,20,5,47
2017/04,77,41,50,42,33,31,3,18,8,11,14,41,34,16,3,29,82,84,58,25,18,84,65,58,41,17,61,93,65,58,15,58,84,41,34,25,65,58,32,41,84,40,59,34,47,8,7,3,7,7,50,52,51,48,47,49,50,63,17,21,16,0,22,34,12,69,53,40,14,13,16,19,9,10,20,6,9,7,6,9,13,72,11,23,27,43,55,6,13,28,0,12,9,45
2017/05,80,30,50,30,44,30,4,16,5,11,12,41,32,10,6,33,81,83,58,31,19,83,70,58,41,15,58,93,70,55,15,58,83,41,33,27,70,58,32,41,83,35,62,41,55,9,6,5,7,7,54,48,56,42,54,55,51,55,19,19,15,3,16,23,15,56,44,33,11,11,16,20,8,12,21,22,14,10,11,7,14,61,10,20,25,42,46,4,11,30,5,16,0,42
2017/06,82,36,51,30,38,30,5,15,7,16,9,41,31,6,6,31,88,88,60,24,23,88,76,60,41,17,72,93,76,59,15,60,88,41,35,26,76,60,31,41,88,40,60,27,53,6,5,7,5,4,63,46,58,78,53,54,49,54,23,17,15,3,6,25,16,58,46,33,16,11,15,16,3,8,23,29,15,8,10,7,13,61,12,17,27,41,49,4,10,37,0,12,6,41
2017/07,82,49,53,34,43,32,7,15,10,18,23,43,33,7,7,35,100,94,63,28,21,94,85,63,43,18,70,99,85,64,17,63,94,43,38,26,85,63,31,43,94,37,50,37,65,4,4,5,6,10,64,50,71,47,64,63,53,60,21,19,20,5,12,26,9,63,53,38,15,11,15,18,4,5,14,5,11,8,8,6,13,66,11,20,28,40,52,5,10,32,0,8,0,43
2017/08,84,54,54,36,44,31,5,17,8,20,22,40,30,12,5,36,88,87,61,24,22,87,81,61,40,16,74,82,81,59,18,61,87,40,41,25,81,61,29,40,87,36,53,28,50,6,8,4,4,5,75,48,81,42,61,59,54,59,22,21,19,3,9,21,10,55,43,32,11,12,14,16,5,10,18,11,12,7,7,9,13,60,9,19,27,43,55,4,10,36,10,13,8,55
2017/09,78,37,41,29,30,30,5,13,5,14,15,35,26,12,6,29,80,77,57,21,18,77,77,57,35,17,60,79,77,56,16,57,77,35,31,24,77,57,25,35,77,35,54,21,39,8,7,6,4,6,63,44,67,35,51,49,49,55,17,16,15,10,11,14,11,55,42,32,15,11,17,13,14,12,33,14,10,6,6,10,12,73,16,18,26,44,53,5,9,33,0,15,3,48
2017/10,82,50,46,34,34,29,4,14,4,8,11,37,28,11,3,31,84,80,59,21,25,80,77,59,37,17,64,87,77,56,17,59,80,37,38,26,77,59,28,37,80,30,49,32,43,6,9,3,6,5,65,47,65,46,56,55,51,57,21,21,15,5,10,14,9,56,41,30,10,9,17,14,18,16,26,9,13,7,11,10,14,61,10,17,26,45,51,3,9,34,7,14,3,46
2017/11,81,40,53,35,43,31,7,14,8,15,13,37,29,10,5,32,89,80,61,23,23,80,80,61,37,16,58,85,80,53,18,61,80,37,38,25,80,61,32,37,80,30,40,27,68,9,7,8,8,5,59,45,63,54,75,73,58,69,17,18,19,7,4,13,9,63,43,36,16,12,18,15,16,17,32,10,11,9,9,10,10,70,7,17,27,44,52,5,8,32,5,16,8,49
2017/12,82,41,52,38,44,31,6,17,9,12,13,41,31,13,3,28,91,88,65,21,21,88,82,65,41,18,70,83,82,59,17,65,88,41,37,24,82,65,33,41,88,31,57,23,45,6,0,4,5,3,45,39,49,28,56,58,53,61,15,13,14,5,16,10,13,63,51,39,11,12,18,19,9,11,21,6,7,5,6,6,11,64,11,15,28,43,56,4,9,26,0,8,3,65
2018/01,91,52,60,44,50,31,4,18,5,15,24,42,30,10,6,33,91,89,65,26,20,89,80,65,42,19,72,84,80,56,19,65,89,42,39,25,80,65,32,42,89,32,49,30,45,7,7,11,4,4,72,60,80,56,70,68,62,70,22,22,18,8,9,16,12,61,50,37,11,11,16,17,12,7,28,5,11,6,7,8,9,73,9,20,27,43,55,5,8,30,0,8,5,65
2018/02,86,48,62,27,43,31,5,13,7,13,12,37,28,11,0,28,87,81,59,24,20,81,72,59,37,18,71,82,72,57,17,59,81,37,32,23,72,59,27,37,81,31,49,22,41,9,5,11,5,13,72,56,75,45,56,57,56,67,22,18,17,14,15,12,9,56,42,31,11,10,17,15,13,22,32,8,11,6,9,9,11,64,9,15,26,46,54,4,9,30,0,28,3,53
2018/03,83,48,55,43,43,32,6,18,7,17,17,37,28,10,3,31,92,83,61,21,21,83,76,61,37,18,75,87,76,55,17,61,83,37,31,23,76,61,25,37,83,37,48,24,49,9,8,3,3,8,63,56,64,43,56,56,56,64,17,18,18,7,11,12,13,64,48,36,11,10,15,16,10,28,23,6,9,6,7,8,11,71,9,16,27,44,49,4,8,30,5,17,5,50
2018/04,87,40,49,37,31,32,4,15,9,15,20,36,26,17,3,28,88,80,58,20,21,80,72,58,36,14,72,90,72,57,15,58,80,36,32,21,72,58,29,36,80,31,47,21,46,12,9,5,5,6,65,62,68,38,56,55,48,55,18,13,19,4,11,11,14,58,44,34,14,11,14,17,4,14,20,8,7,8,10,7,8,69,10,17,27,42,50,4,8,33,5,15,5,45
2018/05,84,42,40,36,36,31,5,14,3,14,12,35,24,11,3,32,84,77,58,21,17,77,68,58,35,16,58,86,68,57,14,58,77,35,30,21,68,58,25,35,77,28,33,26,47,5,11,7,4,9,62,56,63,73,62,66,49,56,19,11,14,9,10,8,14,55,41,32,10,8,16,14,15,21,25,19,9,9,10,8,10,65,8,16,26,44,46,3,7,29,10,16,3,44
2018/06,79,43,52,35,29,30,6,12,4,19,7,32,22,14,3,30,80,75,55,19,15,75,67,55,32,15,58,95,67,53,15,55,75,32,29,19,67,55,25,32,75,29,34,17,39,4,7,5,1,12,63,48,64,56,62,59,47,52,19,11,16,3,5,8,12,53,41,34,10,9,14,15,14,19,23,24,10,6,7,9,9,61,10,14,26,39,50,4,6,24,0,9,3,40
2018/07,85,42,49,35,42,32,8,17,3,11,10,36,23,7,3,34,95,84,62,22,18,84,75,62,36,18,70,93,75,61,17,62,84,36,32,24,75,62,24,36,84,33,41,11,74,2,10,12,3,7,68,50,73,60,71,63,51,59,19,17,19,3,6,9,12,57,45,39,15,12,15,17,9,26,12,6,9,5,6,9,10,66,12,16,28,40,56,4,7,23,0,6,0,46
2018/08,87,49,52,45,40,33,2,14,7,15,11,36,24,7,3,33,93,84,61,25,18,84,77,61,36,17,72,82,77,61,15,61,84,36,35,23,77,61,25,36,84,32,32,21,55,5,9,5,5,6,81,52,86,64,69,64,53,64,20,19,19,7,12,11,16,52,38,34,13,9,17,14,16,37,19,7,9,7,7,5,10,68,11,16,27,43,53,4,7,30,5,13,5,55
2018/09,83,50,49,43,40,30,7,13,4,15,5,34,22,8,9,35,88,77,58,23,19,77,70,58,34,18,61,84,70,56,18,58,77,34,31,24,70,58,22,34,77,27,32,17,41,7,10,7,3,3,65,46,63,72,60,64,49,57,19,17,14,8,8,11,17,52,36,32,11,8,20,15,29,55,45,11,11,5,7,6,8,61,7,16,27,45,47,3,6,29,5,18,5,53
2018/10,83,49,57,39,41,32,6,13,3,12,8,32,21,14,4,37,84,81,58,23,17,81,69,58,32,18,65,82,69,54,18,58,81,32,32,21,69,58,26,32,81,25,29,19,41,5,10,4,5,7,61,44,64,44,62,60,41,57,19,14,14,5,14,6,17,55,35,31,12,8,17,13,23,45,30,8,9,7,8,6,8,52,9,16,25,42,47,3,5,26,5,15,3,42
2018/11,82,42,53,41,29,30,5,12,3,12,8,32,22,13,6,42,88,83,59,21,19,83,71,59,32,16,68,78,71,54,18,59,83,32,31,21,71,59,25,32,83,26,26,14,39,2,12,9,4,3,57,42,56,59,91,95,47,58,18,16,16,3,5,11,11,54,36,32,13,7,24,13,16,33,34,7,8,7,9,4,9,61,9,12,25,43,55,3,6,24,0,12,4,47
2018/12,81,54,66,54,47,30,6,11,17,22,25,35,22,13,5,42,89,84,62,24,17,84,78,62,35,18,67,78,78,56,17,62,84,35,29,23,78,62,22,35,84,25,37,15,38,3,4,3,5,5,47,38,40,65,66,67,46,59,15,8,14,9,10,9,10,54,40,38,14,8,28,16,18,28,26,4,8,3,4,4,9,48,10,15,26,41,53,4,6,19,0,5,3,61
2019/01,100,83,100,89,90,29,7,13,4,16,17,35,22,13,3,36,93,85,62,25,18,85,77,62,35,18,63,80,77,53,17,62,85,35,34,28,77,62,28,35,85,27,33,23,46,6,2,5,6,6,72,58,76,46,87,86,56,65,18,15,20,5,10,5,17,56,40,38,17,7,18,17,19,23,22,5,8,4,5,6,10,52,9,14,27,44,51,3,5,22,5,8,5,54
2019/02,89,54,68,38,50,30,6,8,8,11,16,32,19,11,12,32,87,79,60,21,20,79,78,60,32,16,60,75,78,53,20,60,79,32,31,24,78,60,25,32,79,24,38,14,52,10,8,6,6,4,79,74,79,38,69,70,53,57,21,14,15,0,8,5,13,52,35,33,11,6,16,12,21,36,35,9,12,4,5,7,7,69,11,14,25,41,46,3,5,22,0,26,3,51
2019/03,88,51,63,39,49,32,7,13,6,12,11,32,20,7,0,31,84,77,59,21,17,77,74,59,32,15,63,83,74,52,15,59,77,32,27,21,74,59,23,32,77,25,26,18,47,8,6,8,5,8,65,57,67,83,56,60,51,59,19,10,15,0,14,4,15,52,36,31,16,6,17,14,16,27,30,6,12,7,9,7,8,61,7,14,26,43,49,3,5,22,0,21,3,43
2019/04,90,58,57,48,41,31,7,11,5,16,12,34,19,13,3,31,87,80,61,23,18,80,75,61,34,15,71,84,75,54,17,61,80,34,26,22,75,61,22,34,80,27,30,19,46,5,6,5,4,13,65,60,64,69,61,63,51,61,15,10,15,4,7,5,18,55,40,34,13,9,17,15,16,20,21,5,8,5,6,6,8,63,8,12,26,42,51,3,5,22,0,12,3,41
2019/05,87,55,55,50,44,33,5,13,6,15,8,33,18,7,3,29,85,74,59,23,16,74,70,59,33,15,61,84,70,52,15,59,74,33,25,23,70,59,22,33,74,30,28,14,43,7,14,7,5,5,69,54,69,44,64,70,46,46,18,13,14,3,10,8,19,47,37,30,11,8,17,12,16,18,23,13,7,3,7,5,6,58,6,14,26,43,55,4,5,25,0,15,4,45
2019/06,91,43,51,40,39,30,6,12,7,16,16,32,18,15,6,30,87,78,58,19,18,78,74,58,32,15,65,87,74,58,17,58,78,32,28,22,74,58,21,32,78,22,26,15,49,2,5,4,3,11,70,51,73,57,60,69,47,48,19,12,14,3,6,4,18,52,38,32,13,9,16,16,13,16,23,12,11,5,6,7,8,61,6,13,27,42,57,3,5,22,0,9,3,41
2019/07,96,56,62,48,41,31,12,14,7,19,7,33,19,6,3,33,91,85,63,24,18,85,78,63,33,17,73,91,78,59,16,63,85,33,29,28,78,63,24,33,85,27,27,14,36,4,5,3,5,5,76,56,88,68,68,70,53,60,20,13,16,7,7,4,17,52,40,33,13,6,14,13,9,7,12,4,12,4,3,8,7,68,7,14,28,42,61,3,5,20,0,5,0,38
2019/08,92,41,58,44,41,31,9,10,11,17,11,31,20,16,11,31,91,82,61,24,22,82,76,61,31,16,73,78,76,55,16,61,82,31,27,26,76,61,24,31,82,27,24,14,46,3,10,6,2,10,95,54,100,80,64,57,50,50,18,9,15,3,5,6,19,46,34,28,10,6,15,14,5,11,16,9,11,5,6,6,7,65,7,13,26,44,55,3,5,25,9,13,3,53
2019/09,86,52,54,35,37,29,6,12,3,15,9,29,17,9,5,33,90,80,56,22,19,80,69,56,29,15,60,79,69,51,15,56,80,29,25,29,69,56,21,29,80,26,22,11,46,9,5,9,6,5,74,49,76,99,53,57,43,49,17,9,13,2,7,5,18,45,31,25,12,6,18,14,20,29,34,10,8,6,5,6,7,71,6,11,25,45,50,3,5,26,0,17,5,53
2019/10,86,44,57,37,40,29,4,10,3,13,7,29,16,10,6,33,81,79,56,18,17,79,68,56,29,14,59,77,68,50,15,56,79,29,26,25,68,56,23,29,79,22,22,12,49,3,4,7,2,11,67,47,67,52,56,54,49,57,16,9,12,5,9,2,19,47,31,25,11,7,16,14,22,22,33,9,9,5,6,7,7,51,8,11,24,47,52,2,4,23,0,13,2,44
2019/11,88,49,67,37,48,29,6,13,9,11,11,30,17,9,4,34,87,80,63,19,17,80,72,63,30,18,67,78,72,54,16,63,80,30,30,23,72,63,21,30,80,25,27,12,56,4,6,4,8,7,63,49,63,52,100,100,52,59,13,11,14,7,4,3,16,46,30,26,14,7,20,13,20,29,34,8,7,4,6,6,6,52,6,11,24,46,58,3,5,20,4,12,2,47
2019/12,85,55,62,43,37,29,6,12,8,23,9,31,19,8,6,31,89,79,63,25,14,79,78,63,31,14,68,75,78,55,15,63,79,31,26,23,78,63,19,31,79,28,22,16,40,3,9,7,4,5,48,41,46,70,70,71,45,55,11,11,12,6,13,4,20,44,33,26,11,6,17,19,16,24,24,3,5,4,5,3,6,55,6,12,25,44,60,3,4,16,0,6,3,59
2020/01,95,67,71,62,54,32,4,11,5,16,10,32,17,15,7,29,89,84,63,26,16,84,81,63,32,16,68,76,81,55,18,63,84,32,30,25,81,63,26,32,84,28,25,10,45,5,10,5,6,9,83,65,85,59,72,68,55,60,17,10,16,5,7,4,15,46,34,26,10,6,20,26,22,15,33,4,7,4,5,4,6,54,6,13,26,46,56,3,4,21,4,7,0,53
2020/02,85,49,60,40,34,29,5,9,12,15,17,28,15,18,4,28,84,75,61,24,14,75,73,61,28,14,65,71,73,52,16,61,75,28,26,22,73,61,19,28,75,29,30,14,48,6,8,3,4,8,77,58,72,36,52,49,53,60,13,9,12,5,10,3,16,45,30,24,10,6,18,13,10,37,39,7,9,6,8,7,7,57,6,12,24,44,52,3,4,20,4,28,2,44
2020/03,80,42,48,29,35,37,2,10,2,11,12,24,13,5,0,20,72,64,53,18,12,64,63,53,24,12,54,56,63,47,12,53,64,24,20,17,63,53,17,24,64,24,22,9,43,7,8,6,6,13,68,53,69,88,54,54,51,62,12,7,9,2,11,2,16,48,34,26,12,7,16,15,7,18,23,8,8,4,7,6,7,66,8,12,25,45,48,3,4,22,0,18,2,38
2020/04,66,31,39,20,29,28,3,7,5,14,5,20,10,10,4,16,61,53,48,13,8,53,50,48,20,10,43,39,50,57,9,48,53,20,14,12,50,48,10,20,53,23,17,9,44,6,5,3,2,9,47,60,42,84,62,66,72,80,13,8,18,6,10,4,17,62,44,31,15,7,22,19,16,28,29,10,8,3,5,5,8,90,10,16,30,53,50,4,5,28,4,16,3,42
2020/05,66,37,46,28,26,32,3,8,4,18,10,23,13,9,2,17,68,59,51,16,9,59,56,51,23,10,48,45,56,51,9,51,59,23,17,14,56,51,16,23,59,22,22,10,36,10,5,4,4,9,46,60,40,64,95,91,82,100,14,14,18,5,14,4,18,51,36,25,11,6,22,17,15,26,29,11,6,4,3,5,6,72,5,13,30,59,56,4,5,27,0,17,4,44
2020/06,78,51,48,37,42,32,4,10,4,14,10,26,15,11,5,24,80,71,58,20,13,71,67,58,26,12,55,46,67,50,13,58,71,26,22,18,67,58,20,26,71,28,26,12,38,5,13,7,6,8,61,59,57,68,83,81,79,90,14,9,15,3,12,4,16,45,32,22,9,5,21,16,11,22,26,9,6,4,5,5,6,80,11,13,30,53,60,3,5,25,0,15,2,41
