periodo,servicio de alimentos y bebidas,establecimientos de alimentos y bebidas,gerente de alimentos y bebidas,conalep,conalep alimentos y bebidas,la comida,recetas,recetas de comida,comida china,comida mexicana,bebidas alcoholicas,alimentos y bebidas,alcohol,bebida,bebidas preparadas,la ropa,sin ropa,ropa interior,moda,ropa de moda,de segunda mano,ropa de segunda mano,segunda mano mexico,segunda mano df,ropa de bebe,andrea,zapatos andrea,zapatos mujer,zapatos hombre,zapatos de andrea,zapatos andrea,mercado libre,zapatos flexi,zapatos andrea,mercado libre,ilusion,lenceria mexico,lenceria ilusion,lenceria mujer,fotos de lenceria,en ropa interior,sin ropa interior,mujeres,fotos de ropa interior,fotos en ropa interior,playera,playeras polo,playeras mexico,playeras futbol,playeras de futbol,la electricidad,comision,comision federal electricidad,comision de electricidad,comision federal de electricidad,pago de luz,recibo de luz,pago recibo de luz,recibo de pago,pago cfe,la gasolina,gasolina precio,precio de gasolina,bomba de gasolina,gasolina mexico,pago de agua,pago del agua,agua df pago,agua df,agua pago en linea,las medicinas,medicina,medicamentos,medicinas naturales,farmacias,el cuidado del cuerpo,cuidado del cuerpo humano,el cuidado del cuerpo humano,el cuerpo humano,venta de productos de belleza,distribuidora de belleza,distribuidora de productos de belleza,tiendas de productos de belleza,tienda de productos de belleza,cigarros electronicos,cigarros mexico,marlboro,cigarro,cigarros marlboro
2004/01,0,0,0,23,100,40,69,68,50,68,73,69,42,14,35,39,4,24,67,60,14,0,28,13,0,18,8,0,0,31,8,9,55,8,9,57,0,69,90,62,39,0,79,36,27,12,0,31,72,0,73,67,71,72,100,0,6,0,0,0,3,6,5,0,10,31,0,0,25,0,0,89,84,0,21,72,0,100,43,0,0,0,0,0,0,0,17,42,0
2004/02,100,0,0,22,0,48,65,87,37,62,56,72,59,18,96,28,2,28,52,54,21,0,14,0,24,20,24,20,20,57,24,7,100,24,7,57,0,0,0,66,33,3,70,57,64,7,51,69,0,38,87,49,64,38,50,66,0,0,29,0,9,0,5,0,0,28,0,0,67,0,100,97,91,0,23,0,0,0,66,0,0,0,0,0,0,0,20,53,0
2004/03,0,0,0,27,0,57,55,91,19,44,100,32,66,22,38,41,1,22,66,39,10,0,7,28,28,19,24,24,24,100,24,9,59,24,9,88,72,73,0,100,35,0,71,10,28,15,0,33,0,45,82,56,47,100,54,0,0,0,0,0,22,8,8,23,14,0,0,0,27,0,0,91,81,0,15,0,0,0,71,0,0,0,0,0,0,0,18,45,0
2004/04,52,100,0,15,0,44,61,85,34,73,78,28,57,29,100,18,3,26,70,45,9,100,9,0,50,23,25,21,0,30,25,7,53,25,7,72,63,0,0,20,31,0,68,25,33,7,0,0,34,79,80,51,77,73,63,0,0,0,0,0,11,7,0,20,6,0,0,0,23,0,42,91,99,0,27,0,0,0,53,100,0,100,0,0,0,68,37,60,0
2004/05,0,0,0,23,0,75,58,70,20,59,68,43,45,20,52,34,1,28,74,48,12,0,14,9,19,19,16,0,0,69,16,9,0,16,9,37,0,100,0,38,29,0,65,20,52,3,41,100,0,61,58,53,48,75,65,0,0,0,23,0,7,3,4,0,0,23,0,0,0,0,97,75,100,0,13,0,0,0,60,0,0,0,0,0,0,79,38,85,87
2004/06,0,0,0,36,0,45,62,81,21,51,55,52,41,13,40,35,3,25,76,36,14,0,14,10,39,27,40,0,17,24,40,10,84,40,10,33,100,0,68,71,32,0,73,20,40,22,0,23,54,63,38,60,54,47,50,0,4,0,48,0,10,14,4,16,5,0,0,0,28,0,0,90,87,0,22,0,0,0,52,0,0,0,0,0,0,54,26,32,0
2004/07,48,0,0,28,0,44,68,95,36,100,18,35,35,27,93,44,3,29,90,58,6,0,11,12,46,32,17,0,0,83,17,12,0,17,12,45,59,60,0,73,41,0,84,16,16,11,100,54,0,37,10,51,39,32,44,0,0,0,28,0,3,7,9,19,9,0,0,0,0,0,0,76,70,100,22,0,0,0,26,0,0,0,0,0,0,0,23,14,52
2004/08,0,71,100,22,0,45,51,76,21,34,35,100,31,11,47,36,3,24,67,81,14,0,19,0,18,24,18,0,15,0,18,10,37,18,10,72,0,46,61,28,29,0,69,0,18,18,38,21,24,42,76,51,66,66,56,0,0,0,0,0,6,8,3,21,5,0,0,0,0,0,30,100,69,0,20,0,0,0,47,0,0,0,0,0,0,0,17,14,80
2004/09,0,59,0,21,0,78,52,85,28,83,29,44,54,11,0,41,2,20,73,37,11,0,17,11,0,22,25,12,0,70,25,9,62,25,9,70,0,38,100,29,27,0,63,15,20,9,63,25,60,23,77,100,100,92,89,41,0,0,18,0,9,4,4,0,6,0,0,0,21,0,49,91,92,63,17,0,0,0,51,0,0,0,0,0,0,80,7,41,66
2004/10,0,0,0,19,0,48,63,98,13,31,72,51,57,22,51,31,2,21,72,55,8,60,9,0,30,22,24,25,26,54,24,10,0,24,10,58,19,40,0,36,38,0,68,10,20,5,0,35,0,72,62,58,63,66,77,0,3,0,54,0,8,4,0,25,10,0,0,0,0,0,38,88,65,66,22,0,0,0,86,0,0,0,0,0,0,82,35,37,0
2004/11,0,0,0,18,0,62,64,75,44,55,94,24,44,23,42,30,3,14,72,40,11,0,11,8,32,24,18,13,0,38,18,10,34,18,10,76,20,41,55,25,18,0,67,11,32,5,34,28,22,0,31,52,59,69,37,0,0,0,39,0,11,3,6,13,6,0,69,0,60,0,27,79,90,68,24,44,100,0,64,0,0,0,0,0,0,65,26,45,36
2004/12,0,0,0,24,0,30,100,82,19,44,86,0,37,28,85,35,2,20,69,100,5,0,6,9,18,26,16,15,15,43,16,14,38,16,14,61,69,47,0,29,30,2,78,12,12,12,0,21,100,44,27,45,38,18,23,0,8,0,33,0,11,3,4,15,0,0,79,0,0,0,0,64,61,0,17,100,0,0,46,0,0,0,0,0,0,100,24,55,82
2005/01,0,0,81,18,0,51,60,74,42,49,51,38,48,18,0,33,2,19,65,49,11,0,10,7,100,25,10,12,0,17,10,13,0,10,13,38,36,37,0,62,20,0,65,5,38,8,31,17,20,46,61,46,80,76,82,0,4,0,26,0,9,4,3,17,7,34,0,0,34,0,72,72,76,0,25,0,0,0,56,0,0,58,0,0,0,39,28,29,0
2005/02,0,0,76,21,0,56,57,95,33,42,69,30,55,24,27,20,3,26,72,52,15,0,19,7,40,26,23,11,11,24,23,11,29,23,11,55,17,70,0,42,18,0,58,5,18,6,29,16,19,21,100,48,67,61,54,0,0,0,33,0,15,10,5,11,9,0,0,72,25,0,23,74,91,0,20,0,0,0,66,0,0,0,0,0,0,0,33,41,30
2005/03,0,52,0,19,49,52,62,100,36,62,61,24,56,13,43,36,2,13,86,27,10,0,8,6,26,25,28,17,0,15,28,15,27,28,15,28,82,34,45,41,21,0,74,13,17,6,28,15,0,72,72,53,67,69,71,0,0,0,0,15,24,9,8,21,5,31,0,0,24,0,22,79,82,56,25,0,0,0,49,0,0,0,0,0,0,0,21,39,29
2005/04,52,50,0,18,0,54,57,64,32,56,44,56,53,24,34,37,1,20,71,60,12,0,7,0,12,20,13,0,11,37,13,13,26,13,13,63,32,33,43,34,30,1,63,9,8,9,0,15,34,100,71,45,57,47,71,35,0,0,15,0,37,4,2,10,5,15,54,0,0,0,31,69,81,0,22,0,0,48,50,0,0,0,0,0,0,68,14,30,28
2005/05,23,45,0,17,0,81,52,74,34,78,70,21,63,21,52,19,2,20,69,58,12,0,8,8,33,22,29,14,0,33,29,14,24,29,14,67,14,72,0,65,7,0,74,4,15,10,24,32,46,35,74,55,41,55,44,46,2,0,13,13,29,2,5,13,7,39,0,59,21,0,19,68,88,48,21,0,0,0,35,0,0,0,0,0,0,61,29,60,100
2005/06,24,46,0,29,0,34,66,84,28,38,55,26,51,21,39,34,3,16,84,66,14,0,7,0,34,25,35,10,0,21,35,17,24,35,17,55,29,30,79,32,17,0,70,8,23,8,25,27,47,55,41,50,86,71,83,0,2,0,21,0,24,3,2,14,15,20,50,0,22,0,19,63,90,0,22,0,0,0,40,46,0,0,0,0,0,63,42,65,52
2005/07,0,0,72,18,0,32,62,99,18,53,45,24,32,20,51,24,3,16,73,70,15,0,11,6,38,34,35,0,0,30,35,20,27,35,20,58,32,50,43,55,22,0,71,9,39,15,41,22,53,51,15,72,74,76,86,0,3,0,30,0,17,5,2,0,11,15,0,0,12,0,0,70,60,0,27,0,0,0,24,51,0,0,0,0,0,35,13,31,0
2005/08,22,0,61,26,41,37,58,79,19,35,38,37,44,14,43,30,3,19,69,67,11,0,12,11,11,26,23,0,0,32,23,18,34,23,18,39,14,84,37,38,31,0,61,0,22,15,47,63,45,34,57,49,67,83,87,30,7,0,20,12,20,3,6,17,4,13,0,0,25,0,0,74,80,46,24,0,0,0,37,43,0,0,0,0,0,59,18,26,49
2005/09,0,0,0,21,34,68,51,88,28,66,53,37,53,28,12,26,2,16,69,57,19,0,13,4,27,30,31,11,15,48,31,17,19,31,17,58,34,46,76,42,17,0,63,9,6,4,39,10,37,28,63,53,54,77,56,0,0,0,21,0,17,3,3,29,6,21,39,0,17,0,15,82,79,0,21,24,0,0,64,0,0,0,0,0,0,0,16,30,0
2005/10,18,0,48,20,0,75,60,64,23,61,40,45,52,13,23,41,3,18,74,50,11,0,4,4,9,24,26,7,7,35,26,18,18,26,18,47,0,22,29,33,15,1,63,9,6,6,18,20,23,20,52,82,85,70,73,0,2,0,0,0,14,5,4,20,7,10,37,45,20,0,42,69,70,0,19,23,53,0,53,0,0,0,0,0,0,23,28,41,38
2005/11,0,0,0,20,0,63,56,75,21,63,48,49,51,16,29,42,3,20,77,68,14,0,6,6,0,25,19,7,7,47,19,21,37,19,21,75,66,45,60,38,24,1,61,12,18,5,38,10,24,28,50,50,61,53,59,24,0,0,21,0,12,4,4,14,4,15,38,46,20,0,29,68,82,0,23,0,0,0,45,0,0,0,0,0,0,24,31,37,78
2005/12,0,0,0,16,0,54,94,87,25,62,33,12,47,25,28,35,2,20,73,73,13,42,5,0,31,25,21,18,13,18,21,26,22,21,26,62,13,27,71,29,18,0,66,14,14,6,33,18,28,16,36,34,49,55,48,0,0,0,0,0,8,4,3,8,7,24,45,55,19,0,17,47,54,0,24,0,0,0,34,0,0,0,0,0,0,56,22,37,47
2006/01,0,34,0,15,0,37,59,56,19,53,40,16,46,12,11,35,4,14,63,43,15,0,13,11,25,27,18,11,14,35,18,26,36,18,26,47,21,22,29,10,17,0,59,17,14,13,18,10,0,27,44,42,65,44,73,0,2,0,10,19,10,2,3,10,9,35,37,45,16,0,42,68,55,37,29,0,0,32,27,0,0,0,0,0,0,46,15,31,19
2006/02,17,32,0,22,30,52,58,71,32,41,60,27,45,26,11,31,3,14,61,40,16,0,15,6,24,27,22,7,14,33,22,24,34,22,24,64,20,0,83,22,13,0,59,5,11,10,35,37,33,26,89,44,45,52,54,22,0,72,29,0,12,5,7,6,7,19,0,0,8,0,34,68,76,0,23,22,0,0,45,0,0,32,0,0,0,22,36,32,36
2006/03,0,28,0,22,0,42,53,66,22,42,62,31,62,19,18,26,2,13,70,42,14,27,6,7,34,26,23,23,6,20,23,26,22,23,26,64,26,36,24,22,13,0,64,0,9,9,29,40,0,27,70,43,64,51,32,58,1,61,0,8,14,5,5,25,8,8,30,73,23,0,34,63,90,30,23,0,0,0,73,55,0,28,0,0,0,0,24,40,31
2006/04,17,32,0,16,0,40,52,71,37,39,47,36,53,27,97,18,2,16,70,48,17,0,13,0,16,27,13,10,7,29,13,32,34,13,32,54,20,21,27,25,14,0,59,5,14,11,26,9,33,38,39,38,38,41,47,22,5,0,24,18,15,7,5,16,8,19,35,0,11,0,13,64,75,52,25,0,0,0,67,32,100,32,100,0,0,33,29,44,36
2006/05,13,0,0,25,0,51,48,66,28,46,28,48,53,26,13,28,3,15,65,64,14,0,12,6,38,35,23,11,5,31,23,30,20,23,30,43,24,33,44,23,16,0,58,7,13,13,28,22,26,41,54,47,48,49,45,27,0,0,12,7,11,4,4,13,2,8,28,0,9,0,11,62,89,28,26,0,0,0,66,26,0,0,0,100,0,53,42,57,29
2006/06,14,0,0,26,0,35,53,61,27,43,49,29,42,19,18,30,2,20,60,55,16,28,17,9,14,28,33,9,6,41,33,29,29,33,29,56,17,27,24,35,18,1,60,12,7,19,15,60,57,49,29,41,34,56,41,0,1,0,8,0,9,3,3,17,3,20,0,36,23,0,12,59,78,30,24,19,43,0,35,0,0,28,0,0,0,19,17,36,16
2006/07,16,0,0,15,0,21,48,73,30,36,35,39,27,14,10,19,3,18,61,48,17,30,16,4,53,33,24,0,10,36,24,36,0,24,36,41,0,39,51,18,18,0,55,8,20,17,32,17,31,12,12,47,51,58,63,42,0,0,23,0,4,2,2,6,5,9,66,0,0,0,0,55,54,32,27,0,0,0,22,0,0,0,0,0,0,0,16,11,17
2006/08,13,25,36,25,0,42,49,66,23,28,25,47,35,19,13,25,2,15,68,37,17,25,20,5,13,30,24,8,5,30,24,35,27,24,35,55,32,33,0,27,19,0,50,9,17,10,0,15,0,20,41,51,67,73,80,18,0,0,15,0,8,3,2,15,5,22,55,33,15,0,16,68,57,27,26,0,0,0,36,0,0,0,0,0,0,35,9,14,43
2006/09,0,23,48,17,21,53,51,64,23,47,44,42,46,29,19,34,3,15,81,55,17,0,15,3,17,33,31,24,5,33,31,33,12,31,33,49,21,51,19,16,10,6,50,6,11,7,12,10,15,13,46,50,70,77,57,16,6,0,14,0,9,3,4,14,6,17,24,60,24,0,33,64,76,24,25,0,0,0,59,0,0,0,70,0,0,31,36,27,0
2006/10,11,21,29,20,20,72,53,87,28,58,43,29,45,21,31,29,2,10,85,44,17,21,13,4,31,34,27,9,4,37,27,35,11,27,35,70,0,14,0,10,15,1,52,5,10,9,17,6,29,8,35,55,79,60,78,0,2,0,13,6,8,2,4,8,7,28,68,55,12,0,17,58,65,22,22,0,0,0,59,0,0,21,0,0,0,43,21,39,35
2006/11,22,0,0,17,40,77,51,66,23,72,38,28,45,27,46,38,5,19,81,42,15,21,14,8,21,30,20,7,11,28,20,36,28,20,36,55,0,28,18,10,13,9,54,11,12,8,11,15,22,8,34,41,46,56,52,0,2,0,16,0,11,6,9,9,11,13,0,28,15,0,9,53,67,46,23,15,0,0,59,0,0,0,0,0,0,29,26,45,72
2006/12,0,0,0,17,0,49,88,75,19,61,22,19,41,29,38,24,10,31,73,49,20,0,22,9,12,33,26,11,11,34,26,46,13,26,46,50,8,33,0,39,16,25,56,24,21,9,13,22,17,25,22,29,44,40,46,0,2,0,19,0,6,4,3,10,6,22,0,100,6,0,10,42,53,0,22,17,39,0,26,25,39,25,0,0,0,43,12,21,0
2007/01,0,0,28,15,0,44,51,42,23,45,30,21,46,18,27,26,5,21,71,44,27,41,33,10,30,29,17,0,6,21,17,42,11,17,42,48,26,20,26,30,25,5,55,9,10,11,11,17,28,20,34,38,51,64,62,28,2,0,27,6,7,7,4,12,7,27,22,27,14,22,8,55,61,0,23,14,0,0,30,0,0,0,0,78,0,48,8,52,11
2007/02,10,40,0,20,0,44,50,46,32,44,35,35,40,19,23,21,4,13,67,36,20,0,17,7,10,34,20,4,0,18,20,37,0,20,37,68,31,19,34,21,12,2,52,10,8,14,11,20,14,12,55,35,48,28,36,14,2,0,12,6,7,2,1,14,4,9,0,26,19,0,25,57,67,21,22,14,31,19,44,20,0,0,0,77,0,34,33,59,0
2007/03,0,17,0,19,0,38,49,60,23,40,37,27,48,25,20,25,3,12,65,43,18,0,15,9,34,33,24,5,4,25,24,37,18,24,37,67,5,33,29,18,8,3,53,9,11,8,18,15,18,7,49,35,42,42,40,30,2,38,18,0,9,2,2,10,4,25,92,23,14,0,21,53,71,36,20,0,0,16,38,0,0,17,53,0,16,17,31,50,10
2007/04,0,0,0,13,0,45,47,54,23,26,41,21,41,17,13,27,4,15,73,38,23,0,20,9,38,32,23,8,8,22,23,41,20,23,41,59,18,12,0,17,12,2,55,8,10,9,20,11,0,23,39,35,37,32,31,40,3,42,20,11,10,5,4,10,5,17,41,50,20,20,16,50,56,20,26,0,0,0,29,0,58,38,0,0,0,13,11,30,32
2007/05,0,0,21,20,14,45,48,58,23,28,39,36,49,23,27,26,3,11,72,38,23,0,26,7,29,36,26,9,0,37,26,40,12,26,40,63,37,24,19,22,19,3,53,5,10,12,32,19,0,9,45,42,42,38,49,25,3,0,29,17,9,4,3,15,8,6,0,19,10,0,9,52,73,16,28,0,0,0,42,15,0,0,0,0,0,25,10,69,25
2007/06,0,0,0,29,0,52,51,59,30,33,37,13,35,25,28,31,3,14,84,38,18,15,30,9,27,37,30,8,10,25,30,44,24,30,44,75,25,20,26,27,12,2,57,7,12,12,33,18,43,25,31,37,53,37,42,22,0,0,44,4,7,2,2,8,6,14,0,20,16,0,10,45,68,50,23,0,0,0,40,31,0,0,0,0,0,0,14,47,17
2007/07,8,16,0,21,0,27,49,50,25,22,31,12,35,27,21,29,3,14,79,42,23,16,23,9,39,35,22,17,3,33,22,48,21,22,48,56,25,31,27,16,19,3,56,9,8,19,26,21,22,16,12,37,53,50,59,11,2,0,50,7,4,3,3,14,5,12,51,21,26,0,7,46,52,34,29,0,0,0,16,0,25,16,49,0,0,22,8,27,9
2007/08,7,13,0,24,0,38,45,51,19,31,37,24,35,21,11,23,4,16,79,30,21,13,21,6,30,36,21,4,6,26,21,44,14,21,44,45,30,26,23,22,16,3,49,11,13,15,21,17,14,16,35,66,55,65,60,23,2,0,32,4,7,4,5,15,5,29,58,18,30,0,6,57,61,0,22,9,21,13,40,13,0,13,41,0,0,18,17,27,0
2007/09,13,18,34,19,0,50,45,55,25,48,28,33,44,21,18,28,3,10,80,35,17,12,19,5,18,36,21,6,8,24,21,41,13,21,41,63,8,20,26,16,10,3,45,5,6,8,13,11,8,12,45,57,69,72,74,17,2,0,20,3,16,7,8,5,13,16,66,65,17,13,5,56,62,13,23,8,19,0,46,25,38,0,0,0,0,25,100,37,7
2007/10,6,11,16,20,0,59,51,58,19,40,38,28,46,19,17,30,3,10,87,46,18,23,17,6,14,34,25,7,7,32,25,43,15,25,43,67,4,22,19,8,13,3,49,8,7,8,25,10,20,5,27,45,47,37,45,24,1,0,17,7,10,6,6,12,5,13,37,0,16,12,19,51,60,24,21,12,36,0,46,0,18,0,35,0,0,16,86,46,19
2007/11,0,0,0,19,0,85,48,59,22,43,42,19,49,25,12,35,4,13,90,51,17,0,20,2,12,37,21,7,7,18,21,48,31,21,48,66,15,11,15,12,21,2,52,8,11,16,13,14,20,7,36,38,43,49,47,12,2,0,16,3,9,3,2,13,6,21,39,16,21,0,5,51,61,13,22,16,37,11,40,0,0,12,0,0,0,8,33,38,7
2007/12,0,0,20,20,0,46,76,53,24,33,32,14,40,25,12,32,5,19,93,44,21,0,24,7,38,57,17,12,7,33,17,60,30,17,60,58,13,14,18,18,23,4,52,9,12,10,15,10,14,8,23,30,31,41,41,19,4,62,21,8,7,3,3,10,6,25,0,55,20,0,12,38,50,15,23,10,22,0,25,0,0,14,0,0,0,14,10,30,8
2008/01,6,0,0,19,0,52,47,65,21,35,17,12,42,25,15,35,4,15,76,39,21,11,19,6,26,37,18,6,7,22,18,54,18,18,54,65,11,22,20,23,14,4,51,8,7,11,15,13,0,5,43,32,35,38,49,32,4,0,71,8,14,6,6,16,12,27,100,69,41,0,24,56,55,37,24,0,0,0,33,11,18,0,0,45,0,16,29,77,6
2008/02,11,28,16,21,10,51,50,56,21,30,44,33,43,24,16,37,4,15,72,43,20,16,23,7,33,30,16,7,2,20,16,49,23,16,49,74,14,25,9,6,12,4,48,6,10,7,15,10,19,7,62,35,34,34,35,19,3,24,20,3,10,2,2,18,6,35,59,51,19,0,11,57,65,0,21,0,0,0,48,0,0,11,0,0,0,45,49,57,0
2008/03,0,11,0,17,0,49,50,48,22,31,42,19,47,23,15,31,4,17,86,49,22,11,21,10,28,36,16,5,5,35,16,49,12,16,49,76,21,26,10,11,19,4,54,14,11,8,15,10,8,18,40,31,34,37,39,27,1,0,25,8,7,3,3,12,6,20,72,22,17,0,14,50,66,12,23,8,18,0,33,0,0,11,0,0,0,12,19,56,6
2008/04,5,20,42,20,0,41,48,54,24,33,38,14,51,29,18,34,4,15,79,41,19,10,18,8,17,34,19,10,3,20,19,48,10,19,48,65,6,19,17,15,18,5,51,8,9,8,19,18,14,10,76,36,37,45,39,17,3,0,22,6,11,4,4,18,5,32,32,20,23,0,14,53,65,21,26,13,23,19,41,30,0,0,31,0,0,13,12,52,11
2008/05,5,29,14,19,9,53,47,57,22,27,31,19,48,27,24,27,4,14,84,37,20,10,19,10,34,33,16,4,3,25,16,51,18,16,51,70,6,19,21,20,16,5,48,7,7,10,34,15,27,12,61,33,40,34,33,7,3,22,29,3,9,5,6,13,7,20,21,26,25,0,6,45,67,10,23,7,0,0,43,0,15,10,0,38,0,23,14,55,11
2008/06,5,10,14,23,9,46,46,54,25,33,36,21,43,28,20,32,2,12,81,43,21,10,25,11,15,33,26,13,10,30,26,53,21,26,53,73,13,19,21,16,11,1,51,5,8,18,22,20,21,30,27,31,40,40,36,7,1,0,33,3,8,6,5,14,8,19,54,20,19,0,10,48,55,0,24,0,0,0,40,0,0,10,0,0,0,0,9,51,6
2008/07,5,0,14,22,0,31,50,54,28,25,27,8,30,25,21,34,3,12,81,34,21,0,24,10,23,37,18,8,2,21,18,59,16,18,59,74,16,13,27,20,12,1,52,3,10,34,25,18,35,25,10,39,41,43,39,32,3,0,47,3,7,7,6,15,8,18,11,14,19,0,9,46,52,0,26,0,0,0,16,0,16,0,0,0,19,14,10,28,6
2008/08,5,9,0,29,9,43,44,50,28,28,25,18,36,25,17,28,2,11,76,37,21,14,19,8,28,39,20,7,3,31,20,53,15,20,53,84,18,46,16,19,13,1,48,4,4,8,30,15,3,6,39,36,34,36,47,26,2,21,26,3,8,5,7,18,8,22,20,12,28,0,14,57,57,0,23,6,15,9,43,0,15,9,29,0,9,6,10,35,0
2008/09,7,30,12,28,0,49,45,50,24,34,31,31,42,25,24,32,3,10,78,41,17,9,19,7,25,38,26,5,5,32,26,50,11,26,50,72,38,14,7,12,14,1,45,3,10,8,32,7,12,24,38,40,46,54,51,24,3,38,18,4,12,9,9,13,12,23,9,40,20,0,14,54,63,27,22,0,27,0,47,0,0,0,0,34,0,6,11,38,19
2008/10,0,12,22,28,0,66,52,62,27,42,34,30,49,29,10,35,2,10,81,40,19,0,21,6,17,39,24,13,4,31,24,53,23,24,53,67,22,18,17,11,10,3,49,3,6,8,15,11,11,12,36,43,46,46,44,22,2,0,18,2,10,10,13,13,8,23,42,0,24,0,15,47,59,25,22,16,0,15,40,8,12,8,24,0,14,19,11,38,9
2008/11,5,9,12,26,0,68,52,58,24,45,41,18,44,28,16,35,4,10,89,39,16,0,20,5,20,39,22,12,5,41,22,56,30,22,56,76,17,17,26,13,10,2,50,1,5,10,23,15,18,14,33,28,29,30,29,24,3,0,20,5,9,7,8,12,9,21,28,0,29,9,15,45,61,19,22,12,21,0,44,0,27,18,0,0,8,15,12,44,5
2008/12,0,0,13,24,9,55,82,57,20,34,27,15,42,31,26,40,2,13,90,53,20,0,22,9,19,40,21,8,14,24,21,69,18,21,69,76,6,16,8,14,11,1,50,2,6,11,16,19,10,21,17,23,27,25,26,13,2,21,20,4,8,5,5,17,9,20,41,19,15,0,10,37,54,0,24,0,0,0,34,0,15,10,30,37,17,10,11,38,16
2009/01,4,8,0,23,0,59,52,53,31,30,27,16,40,22,26,31,2,11,77,36,22,8,33,8,21,33,17,8,4,19,17,64,24,17,64,62,24,19,21,9,12,2,47,3,8,9,18,10,20,10,38,27,30,35,30,29,3,56,63,7,12,9,9,17,9,37,27,22,47,9,14,47,53,9,27,6,0,0,50,8,0,0,26,0,15,11,22,64,9
2009/02,9,26,12,23,16,71,52,64,30,28,31,19,46,32,11,30,2,9,75,37,24,0,24,12,36,36,27,11,5,39,27,59,11,27,59,73,32,14,11,19,9,0,47,6,6,9,23,20,15,14,55,28,30,34,31,27,2,0,34,5,11,5,5,10,7,28,28,17,25,9,13,50,64,0,25,6,0,0,61,17,13,17,0,33,8,21,15,70,10
2009/03,6,15,16,23,7,58,50,58,27,31,35,23,51,29,10,30,2,10,81,41,19,8,27,12,34,33,28,10,7,37,28,60,24,28,60,79,19,29,13,13,11,1,50,4,3,8,8,12,8,10,51,28,31,29,34,13,2,34,38,8,12,6,4,20,7,22,41,25,34,0,21,49,70,8,23,8,12,7,46,8,0,8,0,0,14,18,15,57,4
2009/04,0,0,0,14,0,36,52,51,24,21,39,14,44,33,27,35,9,22,85,43,23,17,42,9,25,37,37,5,4,45,37,70,22,37,70,76,24,46,22,18,20,13,61,19,18,10,38,13,20,12,34,26,37,35,33,12,3,0,41,5,7,4,3,19,7,21,18,45,39,0,14,41,70,27,31,0,13,0,30,0,13,8,0,0,0,14,10,33,19
2009/05,4,7,10,20,0,47,53,47,24,33,37,16,52,31,24,39,11,27,78,48,24,15,41,9,41,45,37,6,8,54,37,74,29,37,74,84,14,65,10,14,27,21,60,13,20,13,24,20,23,32,44,23,36,35,40,36,3,0,34,6,10,3,4,19,9,19,8,10,24,0,19,44,63,16,26,5,0,7,43,0,0,7,0,0,7,15,14,53,4
2009/06,4,7,0,29,14,40,49,52,22,28,31,19,46,30,13,48,15,27,86,46,31,11,44,10,35,48,41,8,4,39,41,74,35,41,74,76,16,48,37,15,28,23,59,18,23,19,20,25,3,18,40,31,43,39,45,13,4,17,48,3,11,4,5,22,9,18,32,19,19,0,15,44,55,16,25,10,23,14,48,22,23,7,23,0,0,20,15,42,8
2009/07,0,0,11,24,14,30,49,47,23,19,17,10,33,26,17,46,18,29,87,53,30,0,57,13,33,44,33,16,11,38,33,82,28,33,82,77,12,32,16,18,28,12,65,21,26,37,29,20,16,11,9,29,41,39,39,11,5,17,65,3,6,4,4,22,8,19,8,15,25,0,6,44,54,0,25,0,0,0,24,8,24,15,24,0,7,26,13,26,0
2009/08,8,15,31,30,0,38,48,53,27,27,23,20,37,28,21,47,18,22,82,52,28,0,49,14,28,51,45,9,4,58,45,79,35,45,79,83,5,26,19,12,29,11,61,14,18,15,18,24,23,19,33,30,44,50,50,21,5,0,35,2,9,5,4,16,7,22,24,49,55,8,14,56,73,24,26,5,23,7,36,15,23,7,0,0,7,10,15,27,4
2009/09,9,14,10,26,0,53,48,52,20,42,35,19,50,29,16,51,21,27,85,55,24,10,45,13,34,45,57,13,9,55,57,72,31,57,72,74,15,45,9,17,26,16,59,25,25,11,22,30,24,25,34,34,45,36,34,17,4,15,30,6,9,4,4,18,9,24,30,59,55,0,22,53,80,7,24,9,11,7,63,0,21,10,21,0,6,16,10,39,8
2009/10,5,7,9,26,13,64,54,62,21,42,24,24,48,27,11,62,29,29,86,45,28,7,54,13,40,42,59,13,8,52,59,74,37,59,74,74,17,74,9,18,38,21,63,32,34,12,23,22,18,11,40,45,78,80,80,74,9,89,40,4,9,4,4,20,7,26,7,22,40,0,13,47,66,14,25,5,0,6,50,7,0,13,21,26,6,23,12,43,19
2009/11,4,7,10,26,7,64,57,61,25,41,32,21,51,37,8,74,41,40,96,61,27,21,59,17,35,46,72,9,5,70,72,79,45,72,79,70,25,60,18,22,53,29,66,28,46,35,19,22,15,18,35,38,76,84,72,64,9,79,49,10,9,3,3,26,8,25,23,38,38,15,7,44,72,15,27,10,22,7,61,0,11,14,0,55,13,27,18,44,24
2009/12,0,8,0,27,8,49,80,61,19,38,26,9,46,35,19,81,59,54,98,67,30,16,59,18,24,50,76,12,16,80,76,98,29,76,98,74,28,57,24,15,68,42,70,38,54,14,19,27,25,35,20,24,50,62,58,33,10,18,40,15,8,5,7,18,10,24,9,43,40,17,8,33,56,13,25,5,0,0,41,0,12,0,25,0,29,25,12,38,22
2010/01,0,7,20,23,7,57,55,59,30,34,26,15,43,32,11,87,75,61,87,56,36,11,87,27,25,45,61,13,13,56,61,88,34,61,88,72,32,37,40,26,78,50,71,45,61,15,8,22,7,18,29,32,84,88,90,55,10,96,76,9,13,9,8,15,13,57,85,33,50,8,19,45,61,0,27,5,28,14,58,0,22,7,0,0,13,32,13,67,24
2010/02,7,0,10,26,0,65,59,70,32,39,27,25,52,30,8,87,72,62,88,60,36,11,75,29,26,47,72,14,10,75,72,79,45,72,79,70,13,71,24,14,80,55,71,48,62,19,21,25,10,7,51,33,65,65,69,35,8,16,53,7,9,8,7,22,12,38,38,66,38,0,7,48,71,15,25,10,0,14,62,7,22,7,0,0,13,27,16,61,20
2010/03,0,7,9,23,0,56,57,50,19,34,30,12,48,30,14,89,76,71,95,56,35,7,71,20,47,49,72,12,5,73,72,81,34,72,81,77,25,63,14,20,85,63,73,59,79,18,26,29,16,17,61,27,65,63,65,34,6,58,55,11,11,6,4,21,11,43,56,86,52,10,20,46,80,7,28,9,20,0,45,0,20,6,0,25,0,33,15,49,11
2010/04,0,7,10,24,0,55,54,42,24,27,26,11,46,33,18,96,80,77,87,48,30,14,69,18,37,48,67,16,9,66,67,79,34,67,79,72,39,64,29,19,86,68,65,50,79,21,33,23,14,20,58,28,73,56,67,35,7,60,39,13,11,7,5,29,12,38,15,40,39,0,16,39,63,7,27,7,21,6,44,7,10,7,21,26,6,21,11,49,8
2010/05,7,7,0,27,13,51,52,57,28,36,30,13,48,34,15,94,89,88,95,58,31,7,62,27,33,48,68,15,7,60,68,79,41,68,79,79,25,74,34,19,89,83,71,57,83,25,34,44,14,28,51,29,55,60,58,19,4,15,36,8,11,6,5,30,12,18,22,35,31,7,10,43,59,14,25,5,21,6,41,20,21,7,21,0,6,16,11,45,11
2010/06,4,7,20,45,7,49,51,49,25,26,24,15,45,29,14,100,100,100,90,61,34,10,61,17,38,56,87,12,12,82,87,78,38,87,78,73,15,70,39,22,100,100,71,100,91,64,19,84,36,44,37,32,66,67,60,24,5,0,38,21,13,8,6,26,10,22,15,41,26,0,10,39,54,0,27,9,11,0,42,0,11,7,0,0,6,14,8,45,12
2010/07,0,0,10,36,0,35,47,39,31,27,19,10,37,28,7,92,93,90,87,58,33,7,59,19,73,57,73,18,7,73,73,82,39,73,82,83,22,70,21,16,92,93,69,96,100,46,34,31,19,17,10,27,61,59,63,31,7,62,48,12,8,4,7,22,8,24,68,65,28,7,10,41,52,11,25,0,0,0,26,14,22,7,22,27,6,12,9,38,12
2010/08,5,20,9,33,12,48,45,47,21,22,16,25,40,29,10,80,63,54,77,49,33,7,58,18,34,54,69,12,9,61,69,73,40,69,73,86,21,51,20,12,58,48,61,43,54,18,19,25,22,13,26,30,64,58,65,43,7,15,45,20,8,6,6,29,10,26,35,26,34,7,14,52,65,7,26,0,10,0,48,20,0,20,20,25,12,20,10,34,4
2010/09,0,6,0,33,6,61,46,51,23,44,22,25,47,34,12,81,56,50,77,43,28,6,51,20,22,57,71,12,5,81,71,70,40,71,70,62,18,44,14,13,54,40,62,40,50,20,33,21,15,18,32,35,61,53,64,33,8,29,35,15,11,5,5,20,9,26,14,55,30,0,7,45,62,0,26,9,30,9,68,13,30,10,0,25,6,15,10,44,11
2010/10,6,6,9,38,0,66,49,49,23,33,35,18,48,32,11,84,55,47,84,39,33,9,54,19,40,57,81,16,13,62,81,73,55,81,73,62,23,54,16,10,52,42,65,44,45,13,22,23,11,11,29,31,56,56,57,11,7,41,33,14,10,5,6,24,11,24,74,20,46,0,15,42,62,7,24,13,10,6,60,0,19,6,39,0,6,70,11,46,7
2010/11,6,12,17,43,6,76,49,44,19,33,25,27,48,37,17,85,62,51,84,51,31,12,58,23,41,61,80,16,9,77,80,72,39,80,72,68,12,52,8,49,54,48,63,45,48,11,26,17,8,12,27,24,47,45,47,30,8,14,36,18,9,6,6,18,9,16,33,41,40,13,14,40,62,7,24,6,24,0,50,6,10,12,0,24,6,44,12,50,14
2010/12,0,0,10,84,0,54,74,47,22,25,40,10,40,42,32,76,71,59,92,48,37,7,57,33,29,67,76,17,12,63,76,84,44,76,84,75,9,61,12,8,59,55,63,43,46,15,24,23,14,12,17,19,38,42,43,5,4,0,29,7,8,5,6,28,8,37,60,32,34,19,6,33,47,0,28,9,11,0,36,0,0,7,0,27,13,45,13,41,19
2011/01,2,12,11,38,9,64,52,50,30,27,27,23,43,36,29,81,64,55,83,36,38,6,78,36,32,53,66,16,9,55,66,78,38,66,78,69,27,74,17,14,58,50,63,42,47,17,39,21,9,16,28,23,50,54,53,33,8,17,73,16,11,6,6,24,11,60,55,49,49,10,7,42,53,4,25,7,15,0,46,16,30,8,0,15,23,37,10,61,9
2011/02,3,4,11,33,15,63,49,36,33,22,36,22,44,36,15,69,51,42,80,36,32,4,84,30,35,58,80,13,9,65,80,67,34,80,67,80,28,70,25,11,40,37,59,33,33,15,35,22,15,12,38,22,46,46,45,32,5,17,39,17,13,7,7,28,12,27,25,31,38,6,13,45,56,10,25,9,12,4,58,12,12,6,12,0,16,28,8,65,13
2011/03,11,7,15,36,5,59,49,42,27,25,36,18,42,39,21,62,36,37,79,37,36,10,100,32,29,70,83,20,8,78,83,61,30,83,61,77,33,43,15,13,42,26,63,23,25,20,42,28,15,11,55,24,43,38,42,21,7,15,40,14,11,7,8,29,13,33,33,63,40,4,25,42,63,16,24,8,16,7,50,0,21,3,32,0,25,27,9,60,17
2011/04,2,4,8,31,0,50,49,42,28,28,34,10,43,45,24,65,34,34,79,45,35,8,78,32,27,68,75,19,9,69,75,65,35,75,65,72,12,34,10,9,39,25,62,22,26,16,46,29,13,20,38,21,39,40,40,19,7,17,38,14,11,6,7,33,12,17,33,33,36,14,10,36,54,8,24,5,12,4,37,4,0,0,12,0,18,17,9,40,13
2011/05,5,10,7,45,5,49,46,43,26,26,37,20,44,41,28,61,26,35,77,37,33,7,74,28,32,59,65,16,12,55,65,65,24,65,65,69,15,32,15,5,39,21,61,18,21,27,59,23,17,18,39,23,47,45,44,13,7,8,41,10,12,6,7,34,11,20,30,34,45,7,9,40,52,22,24,5,16,3,42,3,5,7,11,0,11,19,9,54,10
2011/06,2,5,10,96,3,46,47,40,27,21,38,13,41,41,24,67,29,42,86,42,28,9,84,33,33,69,94,23,13,72,94,69,36,94,69,74,15,42,9,9,45,31,60,21,30,25,53,29,13,12,32,25,49,48,46,17,6,16,43,13,11,6,6,27,10,21,15,62,49,11,9,39,51,6,24,5,5,3,46,3,11,3,11,14,11,25,8,44,10
2011/07,2,4,8,52,0,39,45,41,24,18,26,11,36,38,15,69,44,50,94,42,33,11,78,31,35,73,84,17,14,71,84,76,26,84,76,77,15,41,25,8,57,44,63,26,35,45,48,24,24,19,13,22,49,51,51,24,9,8,48,10,8,6,5,30,9,30,50,95,39,0,8,35,43,8,28,5,6,0,24,11,11,4,11,14,28,23,9,41,10
2011/08,3,13,9,38,5,47,44,37,21,21,26,16,40,40,20,72,39,51,89,48,34,19,70,30,32,98,100,20,12,76,100,70,38,100,70,80,17,48,14,9,56,46,61,24,30,18,44,27,12,25,36,21,55,55,57,18,8,78,44,12,11,7,8,25,9,30,45,51,50,7,6,46,52,3,24,5,10,8,59,10,20,11,10,12,16,18,9,36,9
2011/09,6,3,17,43,3,58,44,39,26,30,40,22,50,42,41,70,40,59,88,51,34,3,59,31,36,79,98,20,19,68,98,66,29,98,66,87,18,48,15,8,49,56,58,20,28,15,38,24,15,21,32,24,56,54,54,25,9,28,32,13,13,7,9,22,10,18,23,29,45,5,7,43,57,15,25,13,29,6,100,3,14,3,0,12,18,35,10,54,23
2011/10,3,12,4,51,7,65,44,42,24,25,44,22,49,44,35,64,29,34,80,59,33,9,51,40,39,78,84,17,14,74,84,59,30,84,59,79,11,34,15,6,36,32,60,13,23,20,28,26,17,22,29,25,46,46,48,33,9,19,35,12,14,7,7,22,9,14,13,19,35,3,7,39,50,5,24,8,16,6,74,0,23,3,9,11,19,34,10,56,12
2011/11,2,3,4,64,0,62,44,34,23,27,37,16,45,40,29,58,19,22,81,49,36,6,33,37,30,83,79,18,16,80,79,48,46,79,48,77,12,19,10,9,24,13,56,10,14,14,32,20,12,14,30,22,53,47,51,16,8,13,29,11,12,7,8,24,10,18,23,26,44,3,9,37,51,11,24,12,12,10,64,0,14,9,28,12,16,33,8,54,19
2011/12,2,7,5,93,0,40,67,31,24,19,32,12,40,48,42,63,23,28,86,61,33,6,41,28,27,100,66,18,23,66,66,60,45,66,60,78,14,26,18,9,32,17,58,9,18,20,15,15,13,16,15,17,48,42,46,32,9,43,33,12,11,8,9,24,9,23,25,28,35,9,5,30,40,7,25,0,10,0,41,7,10,10,20,13,25,23,9,48,4
2012/01,1,6,8,50,5,59,45,40,28,24,28,14,43,36,34,59,20,25,76,42,41,4,58,31,43,73,62,17,15,68,62,58,27,62,58,75,17,51,20,9,30,13,60,13,16,26,20,18,13,15,31,20,57,57,62,34,10,56,58,16,12,7,8,24,9,49,42,50,44,9,12,38,48,7,28,4,15,7,56,0,22,3,26,11,32,37,11,75,13
2012/02,4,8,6,36,8,62,47,44,29,25,27,20,44,39,34,55,22,25,81,44,44,8,41,36,34,77,82,23,13,90,82,53,27,82,53,90,12,19,14,8,31,18,61,11,17,18,26,23,21,20,44,22,48,46,49,32,10,25,49,11,13,6,6,27,9,22,34,34,37,12,14,41,58,17,26,4,13,5,60,3,9,6,18,11,36,28,10,72,13
2012/03,5,3,6,47,2,62,46,36,30,24,32,19,47,43,31,59,18,22,79,42,39,5,35,34,32,87,83,23,19,91,83,52,36,83,52,82,12,22,12,10,27,10,65,10,14,19,37,22,12,16,58,22,43,40,43,30,9,17,30,19,11,6,6,33,8,32,48,43,50,11,11,40,59,8,27,5,8,6,50,0,16,3,8,20,26,23,8,73,12
2012/04,2,0,8,37,3,53,44,37,27,25,33,10,43,45,28,60,20,25,79,45,34,7,32,42,44,75,58,24,20,62,58,48,29,58,48,78,18,10,11,10,26,16,65,16,18,21,39,19,23,20,47,19,38,36,37,24,8,20,34,10,12,5,6,34,10,25,25,56,47,3,14,34,50,13,29,12,0,3,39,0,9,3,9,23,30,29,6,51,7
2012/05,3,8,0,57,2,52,44,41,25,23,33,14,41,44,20,61,18,24,75,44,31,4,41,34,33,71,63,24,16,74,63,45,35,63,45,74,11,16,16,10,28,11,65,9,14,22,43,22,23,17,43,20,47,42,43,20,9,23,40,17,13,5,7,28,10,21,17,41,37,4,13,36,49,8,29,6,10,4,46,3,8,4,16,10,34,24,9,65,10
2012/06,4,8,11,97,2,51,44,40,27,20,28,13,42,42,24,56,18,26,80,53,29,12,36,33,41,79,74,24,20,70,74,50,32,74,50,77,19,19,17,13,32,14,66,14,16,25,39,17,16,17,28,19,40,32,36,19,10,12,36,9,12,6,8,36,10,22,20,47,44,11,9,35,47,10,29,5,8,5,32,8,8,4,8,10,35,21,10,52,7
2012/07,0,3,8,46,4,39,41,34,29,17,30,11,36,38,25,66,20,24,87,57,34,11,37,38,42,75,74,32,22,72,74,56,50,74,56,80,10,19,24,8,29,13,68,13,21,46,36,22,27,27,9,19,39,39,36,20,11,12,51,13,9,6,6,35,8,19,20,36,45,10,11,33,45,0,31,2,0,0,20,0,8,8,25,0,42,19,8,40,7
2012/08,8,16,16,38,4,45,39,35,26,17,29,22,39,39,25,62,19,23,75,43,32,6,36,45,42,76,73,22,19,70,73,56,42,73,56,76,16,12,23,9,27,11,64,15,16,20,29,24,15,17,33,21,44,42,42,17,10,28,44,15,13,6,6,36,9,17,24,33,43,3,11,45,52,9,29,4,12,5,63,8,23,4,15,10,36,23,7,50,11
2012/09,8,2,9,49,5,60,41,38,26,30,37,22,52,42,21,61,15,18,78,49,32,9,36,40,33,82,73,27,21,68,73,54,35,73,54,72,12,24,14,11,22,7,61,11,12,17,31,18,20,23,30,22,44,40,50,26,11,28,34,14,13,6,6,30,9,21,19,26,40,3,9,42,54,7,29,13,21,5,90,7,15,6,15,29,58,28,11,60,12
2012/10,1,2,16,50,3,65,42,49,30,25,49,24,48,41,18,59,14,19,79,42,36,9,42,38,41,84,63,26,16,69,63,56,34,63,56,72,9,24,14,9,20,10,62,9,14,19,33,16,20,18,26,22,37,38,38,19,8,10,34,12,11,7,6,30,8,27,32,49,46,5,12,38,51,7,30,12,11,6,66,5,14,2,0,13,39,29,9,64,6
2012/11,2,5,10,63,4,69,42,46,30,30,36,16,46,39,18,60,14,23,82,44,40,7,32,37,30,79,57,26,18,64,57,48,37,57,48,71,15,20,15,13,31,10,60,11,15,18,31,17,15,11,25,18,32,30,32,21,8,5,32,9,11,6,6,32,7,19,28,24,46,5,9,34,51,8,31,7,6,7,52,12,4,2,7,0,45,26,9,57,7
2012/12,0,3,7,83,4,46,57,36,24,19,39,10,44,50,24,61,19,26,83,47,43,14,36,49,31,74,46,27,23,55,46,47,38,46,47,64,16,14,22,11,33,14,63,11,13,20,22,18,12,18,15,14,27,26,32,15,8,0,30,10,11,7,7,37,8,18,14,20,27,4,6,27,39,5,28,0,4,2,36,8,24,8,32,10,45,16,9,47,11
2013/01,1,8,6,41,6,60,42,45,31,22,30,15,42,39,23,59,16,22,75,41,51,13,54,58,37,67,43,24,20,44,43,49,34,43,49,70,13,13,28,9,27,10,64,14,17,23,27,18,23,22,25,19,34,33,35,20,10,39,45,13,13,7,8,30,10,48,47,67,52,9,11,35,50,7,33,3,10,2,53,7,7,4,7,13,51,40,10,83,15
2013/02,3,9,10,36,8,64,45,48,30,27,31,20,45,38,22,53,13,20,75,50,49,16,55,47,45,77,57,26,20,62,57,42,37,57,42,76,8,31,24,9,22,10,64,9,14,20,27,15,23,19,40,19,35,29,32,20,11,21,37,11,13,8,7,31,9,24,15,31,39,8,18,39,58,6,32,7,13,4,56,0,15,5,29,0,29,28,8,73,8
2013/03,4,9,6,43,0,55,44,52,31,25,24,14,44,37,20,59,15,22,82,49,53,9,39,53,39,86,69,28,19,80,69,40,36,69,40,75,14,30,15,9,23,12,69,13,14,21,31,17,19,17,39,18,34,33,33,30,11,15,36,10,15,8,8,35,11,20,19,39,60,6,18,33,60,9,31,4,14,2,41,7,27,7,0,9,30,21,7,62,1
2013/04,1,4,3,45,0,66,46,77,33,31,32,17,44,43,14,60,14,23,81,52,58,12,35,54,44,74,53,21,18,69,53,37,35,53,37,70,5,13,18,8,30,11,65,10,10,22,45,26,17,23,59,21,35,34,36,21,10,19,38,15,15,8,9,39,12,28,20,52,56,4,15,32,56,4,32,6,7,4,41,4,19,7,19,41,28,18,8,51,11
2013/05,3,7,6,57,3,57,45,68,28,26,29,15,46,42,16,56,14,21,82,47,52,12,48,67,41,75,51,24,22,55,51,41,42,51,41,63,17,16,19,7,29,11,66,12,14,30,34,21,21,20,34,20,36,30,35,15,10,22,48,13,14,9,7,40,10,18,20,40,49,4,10,33,48,3,30,5,9,2,43,8,18,3,12,8,47,20,9,57,9
2013/06,2,3,12,100,3,55,42,64,28,21,33,12,46,41,17,59,16,22,82,52,62,15,63,69,38,80,54,23,22,60,54,44,48,54,44,67,15,17,26,7,26,10,68,10,13,32,38,22,21,24,23,19,35,29,33,19,10,14,42,10,13,8,7,39,10,20,27,35,41,3,7,32,45,2,31,4,10,2,39,6,6,5,13,8,49,17,9,56,7
2013/07,1,2,3,43,3,43,41,61,30,18,26,8,36,41,20,54,16,24,81,58,65,17,50,65,44,72,50,26,25,55,50,44,40,50,44,75,6,23,16,9,28,11,70,10,15,38,32,20,25,25,10,18,37,33,32,20,12,28,40,11,11,9,9,34,11,15,25,24,37,2,8,32,45,5,34,1,7,0,21,0,7,4,7,12,37,16,11,43,5
2013/08,3,8,3,35,2,49,39,52,28,20,25,17,40,41,13,60,17,26,78,46,63,15,44,66,42,77,51,27,28,55,51,39,42,51,39,68,9,18,10,8,34,13,68,11,18,24,36,20,14,16,29,21,36,33,33,19,12,22,42,14,14,10,9,41,10,19,15,19,45,4,10,41,53,13,33,5,9,6,65,10,34,6,6,8,31,22,9,39,11
2013/09,4,10,6,44,6,66,39,57,26,28,37,21,50,40,22,58,15,23,76,43,69,16,64,83,53,81,58,22,23,60,58,41,43,58,41,61,13,15,11,9,28,10,64,12,16,18,25,21,21,19,24,23,42,36,39,22,12,35,30,19,15,9,10,42,13,17,8,30,44,5,8,37,52,6,31,23,18,7,91,4,15,5,0,11,40,20,11,45,9
2013/10,2,3,3,48,2,73,41,64,28,22,44,21,51,43,14,64,15,22,77,48,76,22,67,82,47,87,56,27,22,56,56,43,33,56,43,67,15,17,20,10,23,9,69,11,18,23,27,20,21,18,26,21,34,31,34,24,12,24,32,11,13,8,9,40,10,14,16,22,37,3,11,36,56,4,33,11,19,5,66,7,26,5,11,0,26,18,12,54,12
2013/11,2,3,4,52,2,78,41,64,28,29,36,13,47,42,13,64,15,22,80,55,79,21,55,80,36,81,52,29,27,63,52,45,57,52,45,62,21,19,20,8,26,10,69,10,13,22,30,16,13,21,23,20,30,30,30,18,13,13,35,9,13,8,8,35,12,22,11,28,50,3,9,33,56,4,32,5,8,6,55,2,21,7,30,23,36,17,12,51,8
2013/12,3,2,6,73,2,50,56,65,26,21,37,10,45,48,27,64,17,26,86,60,77,21,44,66,43,84,44,32,41,52,44,42,51,44,42,68,15,24,21,9,30,12,75,11,20,25,26,22,15,16,14,16,33,29,32,15,13,9,33,13,13,9,9,38,12,25,20,27,35,5,7,26,43,9,31,1,7,4,40,2,3,6,0,8,37,17,12,43,14
2014/01,3,7,8,37,2,66,42,70,33,25,28,14,43,42,18,69,16,27,73,46,88,14,62,84,39,72,46,26,30,44,46,40,39,46,40,69,14,20,25,9,38,12,75,12,25,26,32,13,16,16,25,19,38,34,37,37,13,41,57,29,17,11,12,39,13,50,44,61,48,14,13,37,52,7,38,4,13,5,48,2,14,6,11,11,59,25,16,84,13
2014/02,5,8,6,34,7,71,47,77,31,27,26,18,44,38,13,63,16,24,75,48,88,18,84,83,37,74,47,27,25,50,47,39,36,47,39,68,16,12,31,7,31,10,74,11,17,28,33,18,20,22,38,19,36,32,33,22,15,27,44,21,16,9,10,46,11,26,17,41,43,12,12,38,60,7,36,8,3,0,60,10,15,3,12,12,59,28,11,72,9
2014/03,1,5,7,39,5,66,45,81,27,29,32,18,47,45,15,65,17,24,78,57,92,28,60,92,41,78,54,32,32,64,54,38,47,54,38,72,8,13,19,11,31,10,78,14,21,28,30,20,25,25,53,20,34,32,33,43,13,47,49,15,15,7,9,44,11,29,29,53,49,13,10,36,60,9,36,3,5,3,58,9,14,6,27,14,63,27,11,64,8
2014/04,3,4,4,30,2,57,44,73,30,27,31,12,44,46,15,65,16,25,76,51,81,26,45,81,56,70,45,34,33,52,45,35,34,45,35,100,6,19,26,7,32,9,80,15,18,33,37,23,24,25,44,17,30,31,34,17,13,13,46,18,15,9,9,52,9,22,33,33,49,8,6,31,52,6,38,5,9,2,40,6,18,6,24,7,57,21,10,51,11
2014/05,1,7,4,45,2,63,43,72,29,26,35,20,46,48,18,64,15,25,83,54,90,18,49,78,49,72,44,33,32,54,44,36,42,44,36,86,9,25,19,6,32,9,81,11,17,37,48,25,29,29,34,20,35,34,38,29,13,16,36,25,16,10,10,53,11,20,35,24,50,5,10,35,53,9,37,6,3,3,47,4,6,5,6,7,58,27,11,61,8
2014/06,2,6,6,81,2,64,43,73,29,24,30,14,43,46,14,58,16,25,83,48,83,23,64,74,47,75,43,31,32,50,43,34,45,43,34,87,11,23,18,6,35,9,79,9,17,68,45,63,37,42,30,20,31,33,34,23,15,35,46,32,16,10,10,38,13,20,30,33,42,8,5,34,51,9,37,7,15,7,46,4,15,3,18,15,47,15,9,54,5
2014/07,2,2,7,33,3,47,42,76,31,23,26,11,40,46,14,67,17,28,84,64,86,21,69,86,46,77,48,43,43,57,48,40,46,48,40,82,13,22,19,8,35,11,84,10,14,64,52,23,33,38,12,18,41,41,41,25,15,9,44,17,14,11,11,53,14,25,17,36,44,10,4,32,48,13,41,1,0,2,27,10,16,6,25,8,69,25,10,51,9
2014/08,3,12,6,36,6,56,39,70,28,24,29,17,40,43,17,65,17,25,78,52,82,25,53,84,49,74,45,36,35,47,45,39,47,45,39,62,12,20,23,6,29,11,80,12,18,31,47,21,22,28,23,21,44,44,46,29,15,22,44,23,16,11,11,46,13,20,19,31,37,5,7,41,56,7,38,7,8,0,55,2,12,10,24,8,69,29,9,52,11
2014/09,5,9,7,45,2,67,40,73,27,41,38,21,51,46,15,62,10,18,78,57,87,30,45,69,53,79,55,31,32,63,55,36,43,55,36,70,9,19,25,5,24,6,78,8,10,28,46,20,26,25,27,22,40,38,39,27,16,29,32,24,16,10,10,46,13,26,24,31,40,9,9,38,57,3,38,10,23,6,86,6,12,5,12,14,66,27,9,57,10
2014/10,6,4,6,40,3,76,43,82,26,33,34,20,50,43,18,59,9,20,74,54,79,19,45,75,46,78,49,38,34,54,49,35,51,49,35,73,10,17,24,6,24,5,78,6,11,28,39,21,22,28,23,21,36,35,36,31,17,28,37,34,14,10,9,43,11,19,10,16,38,8,10,36,58,9,41,11,19,7,66,7,14,4,17,17,69,25,9,64,19
2014/11,5,8,8,43,2,70,40,80,28,32,34,17,44,40,16,66,9,21,82,61,78,20,64,74,44,80,49,39,37,60,49,36,48,49,36,72,8,28,31,8,27,4,78,7,11,25,24,17,15,20,23,18,32,30,31,20,16,30,34,18,15,11,11,40,11,25,25,48,46,7,7,33,56,4,39,5,13,2,50,8,9,7,12,7,63,28,11,57,14
2014/12,1,3,7,62,2,55,55,65,27,26,35,11,48,58,18,69,10,21,89,76,83,22,64,98,50,100,52,37,52,48,52,41,54,52,41,75,7,21,33,6,30,4,85,5,13,30,38,15,15,20,14,16,33,29,33,31,14,36,37,15,18,17,14,52,15,28,22,30,36,10,6,26,49,8,44,3,3,0,39,0,16,2,6,12,97,19,11,68,8
2015/01,2,5,10,32,2,67,42,72,30,25,30,15,45,47,13,65,11,23,77,57,95,20,58,100,51,77,47,37,36,48,47,40,41,47,40,72,13,22,41,5,32,7,91,7,14,31,31,19,25,27,21,17,38,38,36,34,19,41,56,26,24,26,24,44,20,57,48,73,66,18,10,37,57,2,46,6,9,2,50,4,11,5,28,11,100,30,12,100,17
2015/02,4,8,11,30,2,74,44,86,35,31,26,16,44,43,12,63,9,21,77,57,100,27,48,83,54,74,49,33,38,59,49,35,43,49,35,73,9,30,38,5,27,5,86,8,9,28,39,19,22,23,37,20,37,34,34,31,17,30,46,21,18,12,12,49,11,28,33,29,49,6,14,39,60,4,44,6,3,5,56,6,21,9,12,15,88,22,11,96,4
2015/03,2,2,5,33,0,66,43,78,33,28,27,16,45,44,17,70,10,24,82,66,90,15,44,73,50,78,60,41,39,66,60,32,60,60,32,70,8,10,31,4,33,5,92,6,11,30,37,17,23,28,46,19,34,33,37,39,16,40,53,21,17,12,13,50,10,38,44,80,64,11,11,38,64,8,40,2,3,2,48,5,8,7,11,21,71,24,9,81,8
2015/04,2,4,11,28,2,69,42,77,100,25,28,14,48,51,17,69,10,21,81,61,88,24,56,88,49,70,41,40,38,49,41,30,46,41,30,68,12,12,37,7,35,5,89,6,11,34,44,18,29,27,52,18,32,31,30,29,16,17,41,22,16,12,10,60,12,24,16,32,49,10,4,34,59,3,41,3,3,2,39,11,29,3,12,11,71,19,9,68,9
2015/05,1,8,8,38,0,67,42,73,31,26,32,17,47,53,12,65,9,20,80,65,94,23,52,90,52,73,41,39,44,57,41,29,46,41,29,72,12,15,30,5,26,4,89,5,9,37,47,17,35,34,34,18,29,29,32,25,16,36,42,17,13,8,9,53,8,29,23,47,44,15,8,34,59,6,40,4,7,2,41,7,25,7,17,7,70,24,10,73,18
2015/06,3,5,6,64,3,66,42,77,27,25,27,16,45,52,17,64,10,20,84,63,94,22,42,87,48,72,45,43,46,55,45,31,44,45,31,68,12,19,26,5,29,5,91,4,11,41,36,21,35,35,29,21,34,32,30,27,19,36,41,23,14,8,9,48,10,21,19,38,48,8,6,35,55,10,46,12,14,3,42,5,11,5,11,7,83,26,12,75,18
2015/07,2,2,5,31,5,54,38,65,30,22,22,10,43,52,17,64,10,23,91,65,94,32,39,76,63,67,41,49,51,46,41,30,53,41,30,66,10,17,39,7,31,5,96,7,12,51,50,23,27,31,11,18,33,35,37,25,20,34,48,32,15,9,9,60,11,35,37,55,57,25,7,32,54,5,45,4,3,0,27,2,29,5,11,17,72,21,11,61,12
2015/08,6,5,4,35,6,51,41,74,30,24,30,22,44,53,16,69,10,22,84,61,91,24,47,79,62,69,40,51,46,43,40,31,53,40,31,65,12,12,28,7,33,4,95,6,10,36,54,21,27,30,21,18,34,33,34,41,19,15,54,40,14,10,9,60,8,26,29,32,41,13,6,42,55,5,43,2,7,5,37,0,23,5,21,10,82,18,11,65,11
2015/09,6,6,7,32,6,73,41,67,27,38,37,22,57,50,15,71,10,19,79,56,83,19,64,81,58,69,38,46,38,44,38,34,37,38,34,66,4,17,26,4,26,4,89,5,8,33,43,26,26,27,28,19,30,30,31,32,19,42,45,23,16,9,10,50,9,30,22,45,61,7,12,41,60,4,42,17,24,5,77,3,12,3,5,0,78,18,13,74,11
2015/10,1,9,8,31,4,78,42,73,27,32,34,20,56,47,10,65,8,18,87,55,85,21,46,84,52,74,36,41,41,42,36,38,39,36,38,67,7,12,29,6,23,4,90,5,9,30,41,18,23,34,23,20,33,31,34,33,21,36,42,23,20,14,14,54,14,23,21,38,42,6,10,38,62,10,48,9,18,6,67,6,16,7,9,6,81,23,11,74,10
2015/11,2,5,4,36,3,79,40,70,28,35,32,17,50,50,17,65,7,17,90,63,94,30,42,73,47,73,36,52,48,42,36,38,43,36,38,70,11,25,24,4,22,3,91,5,8,29,35,13,21,22,21,18,29,28,27,31,18,24,42,26,14,10,9,52,8,22,37,37,42,11,8,35,58,6,46,8,2,4,47,5,12,5,0,12,65,16,14,69,16
2015/12,3,2,2,52,3,54,52,57,28,22,31,9,54,64,23,67,9,21,100,76,99,19,44,71,47,79,37,56,71,39,37,41,61,37,41,68,9,30,31,6,25,4,95,5,7,33,37,18,19,21,13,15,30,29,28,23,20,34,38,20,19,17,15,59,14,25,37,31,41,7,8,29,51,5,50,4,8,2,36,5,16,4,21,10,83,19,13,70,15
2016/01,3,6,2,29,4,62,38,56,30,25,23,13,42,45,13,61,9,19,79,53,89,20,47,76,41,79,26,47,45,29,26,36,41,26,36,76,12,19,36,6,24,3,99,4,9,29,26,12,16,22,20,15,26,28,26,24,17,29,54,18,21,21,20,55,13,48,59,49,100,17,8,35,50,4,43,4,5,2,40,2,30,4,10,13,69,18,11,89,16
2016/02,3,7,3,27,3,73,39,63,31,28,23,19,47,43,8,58,8,18,79,49,82,25,78,66,48,78,32,46,43,39,32,33,43,32,33,72,6,11,26,8,23,3,94,4,9,30,37,13,25,22,32,16,24,22,25,27,19,25,56,26,17,10,10,63,8,33,21,22,44,6,11,39,66,3,47,4,8,3,53,5,17,6,5,0,59,20,10,84,16
2016/03,4,5,7,21,3,58,39,62,30,23,22,14,45,45,14,63,8,18,80,58,87,24,62,80,53,71,32,52,41,37,32,34,32,32,34,69,7,14,20,6,21,3,100,3,7,32,36,18,23,23,32,17,28,24,27,26,19,10,56,26,15,11,10,61,10,36,29,64,58,15,10,35,62,6,45,3,0,0,44,3,20,3,10,18,45,18,9,65,10
2016/04,2,6,8,27,0,60,39,60,30,22,28,11,49,54,11,60,8,18,78,54,85,23,42,85,48,64,31,48,40,33,31,32,36,31,32,68,8,19,26,5,21,3,95,5,7,33,42,15,22,19,55,19,31,29,29,30,19,21,45,34,15,9,10,61,10,25,24,28,46,13,7,35,61,8,50,6,7,3,42,6,25,10,20,6,56,18,9,69,18
2016/05,3,6,6,32,3,59,39,59,28,24,27,16,47,51,13,58,8,19,79,51,83,19,36,71,50,66,29,50,38,34,29,32,40,29,32,79,9,22,46,3,22,4,95,5,9,39,41,17,32,32,29,20,30,30,32,27,20,21,39,19,14,9,9,68,10,26,25,24,40,8,7,35,59,2,50,4,4,3,36,3,27,4,15,12,47,20,8,64,7
2016/06,2,2,3,50,4,60,38,55,29,23,26,13,46,49,11,58,8,20,80,54,83,25,33,68,42,69,25,54,53,33,25,35,42,25,35,78,9,12,28,7,23,4,94,4,9,44,53,18,26,25,24,18,29,27,28,33,19,29,50,20,16,11,10,62,10,29,25,25,33,7,9,34,52,5,49,4,5,6,35,13,5,3,26,6,57,19,9,61,11
2016/07,1,2,5,30,3,46,35,48,30,19,22,11,43,46,15,61,9,21,83,53,89,20,39,81,53,67,26,57,54,31,26,36,44,26,36,84,8,15,26,4,24,5,97,5,6,61,46,17,30,29,9,16,25,23,25,29,22,44,50,21,20,18,18,67,11,27,19,27,35,8,7,30,51,2,50,1,3,0,23,9,11,2,17,14,49,17,9,53,9
2016/08,2,6,2,35,2,47,32,44,29,19,21,18,39,42,11,58,7,18,67,40,80,24,54,66,43,70,25,50,44,26,25,42,37,25,42,67,7,15,18,5,20,3,88,3,7,36,41,17,25,22,17,18,34,30,33,31,27,27,46,60,19,19,16,65,13,21,15,32,29,15,4,40,54,8,47,5,15,3,38,5,22,5,11,10,50,23,9,44,13
2016/09,4,7,11,30,2,64,34,46,27,33,38,26,56,50,13,63,6,16,69,45,76,24,38,66,42,63,25,43,43,25,25,45,37,25,45,79,8,13,21,5,19,3,88,4,6,32,41,17,21,24,21,18,28,30,29,27,25,11,39,25,16,15,13,62,9,25,22,36,36,12,11,40,59,7,47,9,15,5,73,3,21,3,16,0,54,22,10,54,11
2016/10,6,7,6,32,3,69,37,58,32,26,35,19,55,49,8,58,6,15,70,45,77,17,37,56,56,63,22,44,39,28,22,53,34,22,53,75,9,19,43,4,19,3,88,4,5,32,38,15,28,23,16,18,25,25,28,32,25,15,50,20,14,10,11,62,7,20,13,22,29,18,11,37,62,5,49,12,19,6,58,2,28,5,21,13,64,21,10,58,16
2016/11,3,6,6,36,5,72,34,50,26,32,30,20,49,46,11,57,6,16,74,42,73,26,33,59,41,70,25,58,48,28,25,56,40,25,56,68,9,12,32,4,18,3,83,3,6,28,30,14,20,15,15,17,26,19,19,32,24,38,51,31,13,11,10,63,7,29,27,37,35,10,10,34,57,5,49,3,13,3,46,5,11,5,0,10,57,21,11,55,11
2016/12,1,2,5,44,2,47,45,43,29,23,28,11,53,60,16,61,7,19,81,50,78,23,41,77,43,73,26,61,70,25,26,60,55,26,60,77,9,17,22,4,24,4,88,3,6,36,32,15,17,20,10,14,22,21,23,30,21,20,53,27,43,36,36,64,29,30,31,36,33,22,4,28,50,6,52,1,3,0,32,5,37,5,6,14,73,22,11,51,15
2017/01,2,2,2,30,5,63,34,49,32,25,24,14,46,52,12,57,6,17,62,34,86,20,40,79,44,65,21,47,36,21,21,53,39,21,53,72,12,20,34,3,19,3,86,3,5,36,31,13,20,21,20,17,29,28,34,43,31,51,65,100,91,88,95,65,64,67,62,60,42,19,5,38,58,4,56,6,4,6,46,8,38,9,15,10,73,25,10,82,14
2017/02,4,3,6,36,6,70,34,55,33,26,27,19,50,47,9,55,5,16,67,33,81,14,38,60,35,66,23,52,39,22,23,48,43,23,48,68,10,25,51,4,19,3,84,3,6,33,41,16,23,21,29,19,27,25,25,41,25,15,61,36,39,39,39,67,21,38,31,36,32,17,7,42,66,2,57,5,3,2,57,7,26,7,16,7,57,24,9,73,6
2017/03,3,3,10,29,4,66,36,55,30,29,28,17,50,49,8,59,7,16,70,40,79,17,36,55,46,66,25,52,44,30,25,48,41,25,48,73,9,20,43,4,17,3,87,5,7,32,43,17,18,20,46,21,29,28,28,37,26,27,60,21,24,23,23,60,14,34,36,30,40,15,12,41,73,6,59,3,4,1,51,8,26,8,5,12,58,21,10,69,15
2017/04,3,2,10,19,2,52,31,37,32,22,27,12,52,62,12,56,6,16,66,44,74,20,38,55,48,59,23,55,44,24,23,50,50,23,50,80,8,16,29,4,17,2,86,3,6,36,40,17,22,22,33,16,24,20,20,36,25,50,55,26,19,16,18,65,10,28,19,26,33,23,8,33,61,7,58,3,5,0,33,2,24,5,32,10,52,20,8,54,16
2017/05,3,6,5,31,2,61,33,49,32,24,31,18,51,59,12,59,5,15,68,39,75,14,35,57,40,60,23,50,44,23,23,61,54,23,61,74,9,10,25,4,17,2,83,5,5,42,45,19,23,23,30,21,32,27,28,32,28,48,59,24,16,14,14,68,9,32,32,55,34,19,7,35,60,4,56,2,4,0,40,8,10,7,20,22,42,21,8,58,12
2017/06,2,3,2,42,3,66,33,47,31,25,34,16,52,59,10,57,5,17,70,38,72,21,35,54,42,59,24,51,49,24,24,68,53,24,68,63,11,14,37,2,18,3,79,2,4,49,56,25,24,19,24,20,34,33,37,33,34,31,58,31,17,17,17,77,9,29,30,38,30,17,10,36,59,7,60,9,5,7,42,7,38,5,22,7,60,18,8,56,13
2017/07,1,2,3,28,2,52,30,45,34,20,23,8,48,62,12,61,5,20,68,41,71,22,35,54,47,61,25,61,58,24,25,70,54,25,70,80,14,34,57,4,20,3,83,3,6,57,37,19,24,23,11,19,35,34,33,36,37,54,61,41,14,14,14,71,8,39,30,43,38,12,4,34,56,4,63,3,3,2,24,11,29,5,35,7,71,22,10,52,22
2017/08,3,6,5,42,7,55,29,41,30,22,30,12,50,52,12,59,5,15,61,32,75,18,32,50,41,65,23,57,41,26,23,69,61,23,69,65,8,13,38,4,15,2,74,2,4,41,39,16,28,24,21,22,38,36,38,27,41,30,64,40,15,13,13,72,8,27,29,30,25,12,6,43,60,4,64,3,12,3,43,2,16,7,15,13,55,23,10,46,23
2017/09,3,7,5,28,0,62,28,45,30,33,34,20,54,51,12,58,5,14,57,33,64,20,31,39,41,58,19,49,40,21,19,61,47,19,61,64,4,12,26,4,15,2,70,2,3,34,33,18,16,20,19,20,29,29,25,34,35,37,53,37,16,15,14,68,9,29,20,28,33,26,9,40,59,3,59,10,12,3,68,5,10,4,10,16,51,16,9,51,11
2017/10,2,2,2,34,1,72,30,47,32,27,34,21,59,59,13,57,5,14,60,35,66,20,30,46,49,64,22,51,49,28,22,65,54,22,65,73,10,12,23,2,15,2,70,2,3,41,43,15,22,18,17,21,31,28,31,32,39,21,64,42,15,15,15,77,9,28,19,18,23,18,7,39,60,6,61,18,14,7,68,9,22,4,29,28,72,20,10,56,12
2017/11,1,7,2,29,2,74,30,45,29,33,34,14,56,60,12,56,5,14,68,39,66,16,30,43,42,68,21,57,53,24,21,75,57,21,75,69,7,13,34,3,13,2,71,2,3,39,29,17,18,22,20,21,30,29,31,42,38,33,65,36,20,20,20,70,11,32,23,22,23,23,5,37,63,4,58,6,9,4,52,3,25,2,20,6,65,22,9,56,13
2017/12,2,2,3,38,3,58,36,34,33,22,37,8,60,75,18,61,5,16,78,47,60,18,29,37,41,74,22,67,82,26,22,84,83,22,84,73,10,25,62,3,16,3,74,4,5,41,30,14,18,14,11,17,32,29,32,46,33,20,65,43,20,23,21,83,13,37,33,28,22,16,6,29,56,7,62,4,3,0,34,2,31,5,6,25,74,22,9,53,13
2018/01,4,7,7,40,6,67,28,42,36,22,27,12,50,60,10,53,5,16,59,29,69,21,31,41,43,63,18,60,53,16,18,78,61,18,78,78,9,26,37,3,14,3,72,2,5,39,34,15,16,18,21,20,42,30,32,54,61,46,86,53,35,46,43,69,18,75,60,39,34,31,7,39,60,4,67,3,8,0,47,0,27,6,10,6,77,38,10,76,18
2018/02,6,9,9,33,2,72,30,39,36,26,27,17,53,57,12,52,4,14,60,29,65,19,26,32,39,61,20,52,47,23,20,70,57,20,70,69,6,15,27,2,14,3,70,2,4,36,28,16,19,16,29,19,35,22,20,49,60,48,75,48,24,25,23,76,15,40,30,13,22,13,8,41,67,7,64,6,12,6,58,2,31,5,21,16,83,23,11,75,14
2018/03,2,9,9,24,4,64,30,36,38,22,32,18,59,68,12,58,4,14,63,32,64,10,26,34,51,63,21,61,46,28,21,67,64,21,67,65,6,10,20,2,14,3,78,2,5,43,36,20,17,16,33,19,31,25,27,53,59,46,79,44,21,18,16,92,13,49,33,35,27,31,9,42,70,3,68,5,2,2,48,8,30,9,10,19,80,24,11,72,11
2018/04,0,9,7,23,3,63,28,38,36,22,24,13,58,68,12,55,4,14,61,32,58,15,22,36,35,59,20,60,48,19,20,67,53,20,67,71,8,22,72,6,15,2,74,2,4,48,45,22,19,20,50,20,34,30,30,52,62,69,76,47,21,17,16,84,13,45,28,29,25,26,8,36,70,2,65,6,4,2,46,2,35,5,30,9,78,22,15,61,15
2018/05,2,6,8,26,1,67,28,39,37,20,31,17,57,76,11,54,3,14,59,35,52,19,22,30,44,63,22,66,54,29,22,66,66,22,66,71,4,21,42,3,13,2,70,3,3,57,44,24,21,19,34,19,30,26,28,41,59,55,68,47,21,19,18,76,13,43,35,29,18,30,6,37,66,2,65,8,5,1,43,3,36,8,24,24,71,22,10,62,14
2018/06,2,0,4,44,2,59,27,39,36,20,29,16,55,77,12,54,3,15,60,28,50,12,19,26,43,67,21,62,59,24,21,64,64,21,64,66,8,13,40,4,15,2,69,1,4,100,45,94,29,33,24,18,34,28,28,53,59,53,69,39,17,15,14,78,11,31,27,17,19,25,5,35,61,3,63,7,10,2,38,6,22,2,29,12,68,15,10,53,7
2018/07,1,2,5,28,3,54,26,35,41,18,23,14,53,79,11,56,4,17,60,29,53,19,22,24,42,63,21,73,62,25,21,72,62,21,72,83,7,11,32,2,15,2,72,3,5,67,40,25,29,23,9,18,34,28,28,49,65,71,71,41,21,17,17,83,13,43,35,22,14,28,9,36,62,3,71,3,10,3,25,2,43,7,20,16,82,23,24,54,27
2018/08,4,6,9,37,6,62,27,39,37,22,25,22,55,77,9,54,4,14,55,26,51,20,20,22,47,65,19,74,55,20,19,70,80,19,70,73,5,25,34,2,15,2,70,2,4,45,52,22,14,18,21,19,32,24,23,51,70,45,88,41,20,15,15,92,11,36,22,9,12,23,6,46,67,2,69,6,6,1,52,5,41,5,10,27,65,20,14,60,16
2018/09,4,6,5,25,1,75,26,40,37,38,36,22,67,80,10,55,3,13,54,27,46,14,18,21,42,61,18,67,51,19,18,63,62,18,63,69,6,18,27,2,13,1,64,2,3,41,33,23,17,14,21,19,31,20,21,49,61,55,100,39,18,13,13,82,10,41,18,11,12,25,7,43,69,2,64,11,15,4,76,3,12,5,24,18,51,23,12,58,16
2018/10,3,6,6,22,4,78,27,39,37,27,35,17,61,66,7,58,3,13,54,29,44,18,22,17,38,65,20,60,56,24,20,62,52,20,62,71,4,16,28,2,13,2,64,2,3,41,34,15,16,13,16,21,29,18,18,42,64,50,80,35,20,15,15,79,12,38,24,10,23,16,6,39,65,2,65,8,12,4,62,2,28,5,23,15,46,25,12,73,19
2018/11,3,3,5,25,3,72,26,38,36,23,31,14,61,69,8,56,4,15,60,30,44,16,20,21,53,68,21,70,63,24,21,72,67,21,72,69,10,14,30,2,13,3,62,2,4,41,31,10,16,9,17,18,27,19,17,47,62,36,76,42,22,19,19,78,12,47,29,14,16,33,6,37,66,4,65,5,5,4,53,3,20,4,25,19,49,23,14,58,16
2018/12,1,2,6,29,2,58,32,31,39,19,31,8,66,86,15,60,4,18,62,37,44,15,21,21,35,82,21,81,84,20,21,82,86,21,82,68,11,29,47,2,15,4,65,3,3,53,38,16,13,8,12,17,27,20,18,40,56,24,76,41,28,28,27,88,15,38,25,9,8,34,7,30,62,4,69,4,3,2,33,4,44,4,5,17,52,18,15,56,16
2019/01,6,3,2,35,7,69,27,41,45,23,25,14,57,68,10,54,3,15,49,24,45,14,20,19,38,70,16,61,55,21,16,74,63,16,74,73,8,12,49,3,15,2,66,2,4,46,30,14,20,18,25,18,31,21,22,61,74,84,98,45,100,60,54,96,100,100,73,16,13,62,6,40,67,5,72,11,6,4,50,9,29,7,15,18,56,16,13,60,12
2019/02,3,5,6,27,2,75,27,37,41,25,30,22,60,68,10,54,4,14,53,22,41,11,17,22,29,67,17,63,55,21,17,66,56,17,66,75,6,16,31,6,15,2,65,1,3,42,38,15,16,19,41,19,29,20,22,49,75,76,81,38,27,19,18,92,13,46,42,6,7,30,10,45,73,3,70,6,13,2,57,5,46,4,15,10,58,19,13,61,19
2019/03,2,2,5,23,3,72,27,38,43,24,32,17,66,82,8,53,4,14,58,27,43,13,16,20,38,63,18,73,51,20,18,65,66,18,65,69,7,13,31,2,13,2,68,2,3,47,45,18,9,11,35,19,27,23,21,55,71,64,77,38,23,21,19,91,11,43,34,12,9,31,9,41,74,4,69,4,5,1,52,6,23,3,9,27,49,23,12,59,21
2019/04,1,2,7,17,4,64,26,36,39,19,34,13,64,80,13,55,4,15,54,24,42,21,15,15,43,63,20,69,58,22,20,70,83,20,70,75,10,7,46,3,15,3,67,2,4,50,47,16,13,14,30,18,27,27,26,49,69,45,59,50,18,16,16,100,8,44,29,6,9,28,10,36,75,4,74,4,3,0,45,8,15,3,5,32,54,19,12,56,18
2019/05,3,4,2,23,1,68,25,39,41,24,32,13,63,78,11,54,3,15,55,23,40,16,13,12,34,66,22,79,64,20,22,77,84,22,77,67,5,12,29,2,14,2,66,1,3,49,41,18,14,15,38,19,29,29,30,48,72,59,63,50,15,10,9,96,7,45,24,15,10,31,7,37,72,7,66,3,6,3,44,6,51,5,5,20,51,19,16,60,20
2019/06,1,2,8,38,3,62,27,36,44,17,28,10,65,86,11,57,3,17,58,28,40,22,12,12,44,68,27,88,73,24,27,76,87,27,76,73,7,13,25,3,15,1,67,3,4,53,60,15,15,18,28,19,30,30,30,43,77,31,74,38,16,12,11,96,8,37,29,8,7,30,7,38,69,6,71,2,0,1,38,3,36,6,5,15,58,20,17,59,19
2019/07,2,0,3,30,7,57,26,32,46,18,27,9,61,82,12,58,4,17,54,24,41,16,15,17,52,67,21,88,79,24,21,83,89,21,83,82,6,18,35,3,16,2,70,1,4,60,46,17,24,16,11,19,32,28,33,62,84,57,77,45,14,10,11,93,8,50,24,9,7,39,5,36,67,3,78,1,2,0,30,5,52,6,20,19,47,16,15,51,17
2019/08,4,11,9,30,8,59,24,34,40,21,25,16,62,77,12,58,3,14,49,22,40,17,14,10,41,76,23,83,67,21,23,78,97,23,78,66,2,13,36,5,15,2,67,2,4,49,50,14,17,14,20,20,29,31,33,55,95,57,73,60,17,10,10,98,7,38,21,5,5,23,8,45,72,5,71,4,4,1,45,14,45,9,23,35,47,24,15,49,21
2019/09,3,4,5,24,2,74,23,34,41,41,34,20,72,85,12,55,3,14,46,23,32,17,13,7,31,63,23,73,59,25,23,71,83,23,71,60,5,13,26,3,13,2,62,2,3,45,42,20,12,17,24,19,25,24,22,51,82,45,68,48,18,12,13,80,9,42,36,8,8,37,12,44,77,7,67,9,6,4,79,9,35,9,13,8,57,16,15,59,22
2019/10,2,4,7,24,1,81,25,37,41,24,39,19,72,70,9,57,3,13,47,23,33,19,13,8,45,59,21,72,62,23,21,73,69,21,73,63,5,13,26,2,12,1,61,2,3,43,34,13,8,11,20,20,26,23,26,48,77,68,65,41,15,10,9,82,8,37,24,5,6,27,7,40,73,6,69,7,13,3,72,4,31,2,25,29,43,24,15,62,21
2019/11,1,6,3,25,4,72,23,34,39,26,33,17,67,73,9,61,3,14,52,24,34,18,12,8,36,65,22,81,81,24,22,88,86,22,88,67,6,11,29,2,13,1,60,2,3,45,41,13,13,12,22,17,20,19,19,35,79,56,63,40,14,8,10,94,8,50,35,3,5,40,6,39,68,5,70,6,10,3,51,4,39,8,4,16,37,19,16,58,21
2019/12,0,2,2,34,4,60,30,28,43,18,36,8,75,96,19,61,3,17,54,28,31,14,12,9,40,68,21,100,100,23,21,95,96,21,95,68,4,16,25,2,14,1,63,1,5,57,38,15,14,9,15,14,19,19,21,49,82,47,66,58,16,11,11,92,8,44,44,0,5,41,6,31,62,4,73,4,12,2,36,3,40,5,24,21,32,21,15,50,23
2020/01,3,5,5,31,6,71,28,37,47,21,27,13,63,76,11,60,3,15,45,20,37,20,12,9,39,70,17,72,63,18,17,85,78,17,85,69,5,12,35,3,14,1,62,2,5,45,33,12,11,12,29,16,25,23,22,61,100,71,87,57,19,17,16,91,9,94,63,4,6,64,7,43,71,1,74,4,3,2,52,5,41,6,16,21,35,30,19,61,30
2020/02,2,5,6,24,7,79,26,36,46,25,30,16,68,71,13,54,3,13,46,17,31,30,10,7,37,55,20,73,52,20,20,72,67,20,72,58,7,15,25,1,12,1,67,2,3,47,46,11,9,12,43,17,21,22,23,50,96,74,75,38,17,13,12,89,9,44,26,5,5,41,10,44,76,5,76,8,6,4,65,4,49,8,25,33,44,24,15,59,21
2020/03,3,16,7,27,2,74,30,35,36,19,35,16,100,82,12,53,3,14,44,19,28,17,10,6,39,51,14,61,43,15,14,68,55,14,68,53,6,7,27,2,14,1,72,2,5,37,34,10,7,10,43,16,19,18,20,60,81,77,66,54,74,100,100,90,34,58,23,8,4,47,9,39,85,5,83,6,7,2,63,2,30,6,4,19,26,22,13,50,18
2020/04,2,4,2,21,1,79,45,45,44,21,40,13,96,90,14,53,4,16,47,17,28,13,9,5,43,44,11,44,30,12,11,83,37,11,83,56,6,13,35,2,17,1,63,3,5,28,24,8,4,6,64,14,20,20,20,100,74,81,66,90,33,39,39,77,14,60,30,2,2,86,10,34,74,2,85,8,8,4,81,1,56,7,11,19,24,18,16,45,26
2020/05,3,7,4,27,3,100,44,44,57,22,44,14,99,100,24,59,4,16,45,20,34,13,11,5,50,44,14,69,44,17,14,100,73,14,100,59,6,8,29,4,17,2,64,2,5,39,34,14,7,8,84,16,21,22,21,80,69,100,71,94,20,17,16,86,7,74,47,3,3,100,11,35,73,5,87,8,11,5,75,5,44,6,27,21,22,24,16,49,20
2020/06,2,2,2,35,1,96,38,41,61,19,36,15,82,86,15,59,4,18,42,20,38,31,12,6,60,51,17,73,59,16,17,98,76,17,98,66,6,12,29,1,18,2,64,2,5,49,46,19,10,11,37,16,21,21,21,80,75,83,70,71,16,14,13,93,6,53,35,5,3,72,8,33,75,4,100,4,5,1,60,4,53,10,18,23,26,15,14,44,22
