periodo,la salud,salud digna,secretaria de salud,que es salud,centro de salud,gastos medicos mayores,seguro de gastos mayores,seguro de gastos medicos mayores,seguro gastos medicos mayores,seguros,los doctores,colonia doctores,doctor,juegos de doctores,col doctores,mi celular,el celular,juegos celular,celular samsung,juegos para celular,el metro,linea metro,mapa metro,metro lineas,linea del metro,boletos,boletos avion,boletos de avion,el avion,boleto avion,renta de carro,renta de autos,renta de carros,rentar carro,renta carro cancun,dias de descanso,el descanso,descanso obligatorio,dias descanso obligatorio,dias de descanso obligatorio,videojuegos de,los videojuegos,juegos de videojuegos,videojuegos gratis,videos de videojuegos,de pelicula,ver pelicula,peliculas en linea,peliculas,pelicula gratis,mirar peliculas gratis,mirar de todo,mirar peliculas gratis,mirar de todo,venta de boletos ticketmaster,ticketmaster,ado boletos,ado venta de boletos,ado,hotel,hoteles mexico,hoteles en mexico,hoteles de mexico,acapulco hoteles,motel,hoteles,hotel,moteles guadalajara,moteles en guadalajara,restaurantes,restaurant,menu restaurante,restaurante polanco,restaurante bar,la restauracion,punto de restauracion,restauracion de la republica,la restauracion de la republica,restaurar,la terraza,gran terraza,terraza belenes,terraza oblatos,terraza eventos,bienestar azteca,azteca,bienestar social,bienestar azteca.com.mx,tarjeta bienestar,comisiones bancarias mexico,que son las comisiones bancarias,comisiones bancarias mexico,credito,post creditos,creditos hipotecarios,fovissste creditos,escena,las telecomunicaciones,telecomunicaciones mexico,ley telecomunicaciones,telecomunicaciones de mexico,ley de telecomunicaciones,seguros,seguros de vida,seguro social,metlife,seguro de vida metlife,asistencia social,asistencia y servicios de promocion ia sa de cv,asistencia social,asistencia y servicios de promocion ia sa de cv
2004/01,57,0,48,38,14,35,0,82,87,74,31,0,24,0,0,1,10,10,16,7,20,12,36,8,17,15,56,70,15,29,90,36,29,0,0,0,38,0,0,0,100,30,100,31,27,27,2,14,20,6,0,0,0,0,0,19,0,0,23,53,56,58,48,65,7,53,53,54,93,52,60,0,57,0,45,0,0,0,9,0,0,0,0,0,0,32,0,0,0,0,0,0,85,0,100,23,14,68,37,29,100,33,74,100,64,10,0,100,0,100,0
2004/02,82,0,63,63,39,32,76,0,0,74,28,0,24,0,100,1,14,10,22,0,20,11,25,19,23,17,60,53,14,79,81,66,53,0,0,14,69,20,0,20,69,28,38,47,0,23,2,0,15,7,0,0,0,0,0,21,0,0,31,54,51,53,71,56,11,47,54,0,0,58,62,42,52,100,0,0,85,100,25,0,0,0,0,0,0,33,55,0,0,0,0,0,77,0,0,21,12,62,100,0,90,0,74,45,84,19,0,30,0,30,0
2004/03,80,0,52,43,54,38,0,0,0,74,33,0,29,0,0,0,12,0,18,4,26,0,30,27,9,25,71,89,12,0,0,63,0,0,0,26,0,0,50,0,68,82,36,33,0,30,0,18,17,10,0,0,0,0,0,19,18,88,33,60,77,69,66,61,4,60,60,0,100,60,68,0,62,30,96,0,100,79,0,0,0,0,0,0,0,41,0,0,0,0,0,0,71,0,0,24,10,73,39,0,53,0,74,53,69,44,0,71,0,71,0
2004/04,54,0,66,47,47,100,0,0,82,94,29,98,42,0,0,1,12,8,23,9,21,6,26,16,8,24,62,100,21,0,0,28,41,100,0,15,72,0,0,0,66,29,63,49,26,30,2,0,18,6,0,0,0,0,100,22,11,78,39,61,84,76,91,44,6,64,61,51,0,53,50,44,54,26,85,0,0,0,43,0,0,0,0,0,0,33,46,0,0,100,0,100,68,0,63,65,9,21,35,27,47,0,94,47,63,19,0,47,0,47,0
2004/05,79,0,57,32,36,26,0,0,0,75,22,76,27,0,0,2,15,7,6,5,12,0,29,12,12,28,68,77,8,42,0,53,21,0,0,12,0,16,34,32,55,100,49,15,40,29,2,0,18,9,0,0,0,0,39,19,0,0,21,54,56,54,100,37,10,50,54,79,0,56,66,33,42,60,98,0,0,0,40,0,0,0,0,0,0,36,44,0,0,0,0,0,68,0,61,100,7,33,80,21,48,37,75,0,100,7,0,24,0,24,0
2004/06,57,0,42,22,11,27,0,63,66,73,0,0,24,0,0,1,12,11,22,5,12,4,15,16,6,27,78,97,23,22,0,61,22,0,0,0,29,0,0,0,37,92,44,31,21,28,2,4,18,8,0,0,0,0,40,41,13,0,45,62,100,100,75,80,10,67,62,41,0,49,56,0,0,21,34,100,71,0,14,33,0,0,0,100,0,42,18,0,0,0,0,0,73,0,50,0,17,17,55,0,38,0,73,57,65,23,0,38,0,38,0
2004/07,29,0,36,5,19,0,0,0,0,84,0,0,32,0,0,4,11,9,29,6,16,5,11,23,7,26,100,83,7,26,79,58,26,0,0,0,0,0,0,0,51,14,44,36,49,27,2,0,20,4,0,0,0,0,0,23,15,74,42,97,83,66,85,91,59,100,97,48,0,43,51,0,0,24,0,0,0,0,49,39,0,0,0,0,0,52,0,0,0,0,0,0,73,0,88,40,16,0,0,0,29,0,84,88,71,27,0,0,0,0,0
2004/08,76,0,42,57,19,24,0,55,58,71,0,0,34,0,0,1,13,8,14,8,33,4,35,9,6,22,82,55,10,20,0,44,39,0,0,11,0,0,0,0,59,31,50,14,19,23,2,4,17,7,0,0,0,0,36,21,23,0,31,62,44,61,55,44,30,51,62,73,63,52,65,31,39,56,0,0,0,0,25,0,0,0,0,0,0,52,33,0,0,0,0,0,72,0,45,62,9,0,25,0,22,23,71,34,99,14,0,0,0,0,0
2004/09,99,0,50,100,44,20,70,69,48,79,0,0,41,0,0,2,20,11,18,5,19,0,18,24,7,19,52,52,25,48,100,28,24,0,0,22,21,12,13,12,47,25,32,40,15,28,2,3,15,6,0,0,0,0,0,26,0,46,27,55,61,54,88,29,14,47,55,0,52,51,55,26,96,15,100,0,52,82,0,48,0,0,0,0,0,39,27,0,0,0,0,0,68,0,28,0,8,100,20,32,18,37,79,42,86,0,0,46,0,46,0
2004/10,100,0,48,64,21,21,0,0,0,76,54,0,34,0,0,2,21,8,21,9,18,10,18,12,5,18,82,89,13,34,0,46,67,61,0,32,0,25,27,19,47,18,34,36,16,23,2,0,16,3,0,0,0,0,0,21,7,0,27,59,67,69,77,37,7,51,59,31,54,44,48,0,0,48,52,0,54,42,16,25,0,0,0,0,0,41,35,0,0,0,0,0,83,0,29,0,21,53,0,0,29,0,76,58,95,18,0,38,0,38,0
2004/11,84,0,56,33,30,43,51,100,52,87,19,62,43,0,0,1,15,8,12,11,20,4,14,31,15,15,45,28,11,18,0,35,0,0,0,19,0,13,14,0,84,28,30,37,0,24,0,3,16,4,0,0,0,0,0,24,17,100,29,53,67,51,85,38,12,46,53,33,0,50,69,0,35,25,95,0,57,45,28,0,0,0,0,0,0,42,15,0,0,0,0,0,79,0,81,0,22,27,0,17,0,0,87,75,48,19,0,50,0,50,0
2004/12,56,0,31,16,25,25,58,0,0,81,0,72,33,0,0,2,24,18,31,14,31,8,19,24,0,22,59,57,10,40,0,30,41,0,0,16,26,15,0,0,63,0,58,100,38,24,2,6,19,7,0,0,0,0,55,16,16,57,45,56,65,69,78,68,14,60,56,38,65,58,72,0,40,29,47,0,65,0,51,30,0,0,0,0,0,46,17,0,0,0,0,0,73,0,35,16,16,31,0,0,23,0,81,35,60,7,0,23,0,23,0
2005/01,64,0,38,40,31,19,46,0,0,74,0,0,42,0,60,2,21,29,29,21,21,0,20,23,9,16,41,58,16,16,0,48,16,0,0,17,0,0,13,12,58,25,45,34,30,23,2,9,17,6,0,0,0,0,0,21,49,45,30,49,74,67,56,37,10,49,49,44,51,45,57,25,93,15,49,73,0,0,10,0,0,0,0,0,0,40,27,0,0,0,0,0,68,0,45,25,17,62,100,16,18,18,74,41,54,28,0,36,0,36,0
2005/02,76,0,46,55,26,0,0,0,0,84,0,0,36,0,0,4,19,22,27,18,20,3,22,11,9,23,34,72,8,45,0,63,45,54,0,24,59,17,24,11,67,39,34,37,28,20,2,0,18,8,0,0,0,0,27,25,12,43,33,60,66,56,86,61,11,61,60,28,0,59,84,35,59,42,35,68,0,0,19,0,0,0,0,0,0,39,31,0,0,54,0,54,74,0,26,12,14,46,38,29,34,34,84,77,66,21,0,77,0,77,0
2005/03,70,0,49,33,32,44,0,41,43,71,0,51,42,0,54,2,25,21,14,14,16,0,25,6,4,22,51,75,15,29,0,86,14,0,0,43,0,21,23,22,91,30,45,61,34,26,2,0,20,7,0,100,0,100,0,30,11,0,41,77,82,68,76,69,9,73,77,54,69,44,62,45,28,41,55,0,46,0,32,22,31,0,0,0,0,44,36,0,0,0,0,0,85,0,66,0,11,11,90,0,33,17,71,61,50,15,0,33,0,33,0
2005/04,95,0,50,50,37,0,40,39,0,83,0,0,35,0,0,2,17,21,15,19,14,0,32,22,12,22,81,67,11,28,0,42,28,0,100,0,36,10,11,10,84,44,48,64,26,24,1,5,15,4,0,0,0,0,50,28,13,39,30,67,57,69,62,49,8,52,67,26,44,48,53,44,27,13,21,63,45,35,26,0,0,0,0,0,0,55,29,0,0,0,0,0,78,0,32,16,13,32,17,0,16,24,83,47,55,5,0,79,0,79,0
2005/05,55,0,45,47,30,15,35,0,37,67,0,0,48,0,0,1,18,27,21,14,20,8,22,11,11,26,75,49,11,12,38,61,25,0,0,30,16,28,20,28,74,39,42,43,46,23,1,2,17,4,0,0,0,0,22,39,12,0,31,57,54,60,56,54,10,50,57,23,39,58,56,19,24,23,38,56,39,31,35,46,0,0,0,0,0,59,21,0,0,0,0,0,86,0,99,38,25,48,15,24,28,21,67,53,54,9,0,42,0,42,0
2005/06,59,0,27,29,50,16,37,0,0,75,13,0,41,0,0,2,17,30,9,19,16,3,31,22,6,24,74,72,13,26,39,54,51,0,0,10,0,0,0,10,68,40,51,50,30,23,2,5,20,7,0,0,0,0,0,25,10,0,35,72,55,62,69,55,15,62,72,24,41,52,70,0,50,42,20,0,0,32,28,0,0,0,0,58,0,62,21,0,0,0,0,0,85,0,51,70,6,10,0,0,15,29,75,44,60,22,0,58,0,58,0
2005/07,35,0,40,10,45,26,41,40,42,82,0,0,50,0,0,1,19,23,28,24,22,3,39,25,8,28,83,97,7,28,43,88,35,0,0,8,0,0,0,0,79,15,40,60,27,23,2,3,20,5,0,0,0,0,0,27,14,81,52,89,95,72,95,100,11,85,89,26,0,55,67,0,55,53,22,0,0,0,40,21,0,0,0,0,0,56,36,0,0,0,0,0,91,0,73,22,15,11,53,14,16,16,82,48,67,30,0,49,0,49,0
2005/08,76,0,34,78,29,22,0,34,36,74,0,85,35,0,0,1,16,24,12,14,20,2,38,28,5,26,54,72,11,36,37,72,18,0,0,7,0,0,0,0,57,44,34,38,28,21,1,4,17,6,0,0,0,0,0,38,19,34,34,66,67,54,89,55,12,56,66,0,0,47,68,28,24,34,55,0,39,30,19,18,0,0,0,0,0,44,15,0,0,0,0,0,84,0,41,38,11,56,0,0,54,14,74,51,71,38,0,34,0,34,0
2005/09,82,0,40,60,24,36,0,28,0,69,10,0,39,0,0,2,21,24,11,24,21,6,20,10,9,25,38,40,18,10,30,47,15,0,0,11,26,15,8,11,64,57,40,21,42,23,1,6,15,6,0,0,0,0,0,38,4,28,29,60,68,58,74,47,11,51,60,37,32,51,66,23,19,42,53,0,79,37,40,22,0,0,0,0,0,48,8,0,0,0,0,0,88,0,62,0,11,31,37,10,17,23,69,42,71,24,0,28,0,28,0
2005/10,78,0,33,49,30,29,0,53,0,77,20,34,40,0,0,1,19,15,9,18,18,8,21,15,7,21,58,50,16,9,29,64,24,0,0,23,37,25,8,14,74,60,30,37,18,24,3,4,15,9,0,0,0,0,17,34,9,27,26,57,52,49,59,38,8,48,57,26,30,49,54,30,38,13,88,0,30,48,21,28,0,0,0,0,0,54,32,0,0,0,0,0,88,0,43,7,6,44,24,9,22,11,77,24,86,23,0,38,0,38,0
2005/11,66,0,38,41,45,0,0,0,29,73,10,0,43,0,37,2,20,16,15,13,19,6,28,22,8,21,56,62,17,48,30,63,19,0,0,16,38,14,23,11,70,35,41,48,23,26,1,2,16,7,0,0,0,0,26,36,9,27,29,56,53,49,60,28,7,44,56,18,0,55,62,69,57,23,52,0,31,48,24,14,0,0,0,0,0,47,20,0,0,0,0,0,86,0,33,8,12,7,36,10,27,0,73,41,60,27,0,55,0,55,0
2005/12,50,0,23,23,42,14,0,33,0,68,0,61,44,0,0,3,27,27,10,23,22,16,28,23,8,36,45,37,21,11,0,86,63,42,0,16,30,9,9,9,56,30,39,28,32,25,1,3,20,5,0,0,0,0,31,74,13,0,51,58,64,57,82,53,16,52,58,43,73,59,92,27,79,33,53,53,37,29,22,34,0,0,0,0,0,52,29,0,0,0,0,0,70,0,26,9,14,9,14,11,20,0,68,39,58,24,0,52,0,52,0
2006/01,45,0,45,33,21,11,27,0,28,77,20,0,38,0,0,2,22,37,16,31,26,13,30,19,3,30,57,64,19,9,0,42,33,0,0,72,49,56,45,28,74,29,38,43,18,21,2,4,18,5,0,0,0,0,17,35,4,0,32,61,46,50,45,46,25,46,61,35,45,52,60,15,55,18,36,0,91,24,23,21,0,0,0,44,0,58,24,0,0,0,0,0,87,0,43,11,13,29,12,28,16,21,77,24,60,23,0,32,0,32,0
2006/02,64,0,35,44,35,38,51,51,27,68,19,32,34,0,0,2,18,31,5,22,31,4,23,26,5,32,32,47,6,53,27,47,27,32,0,53,58,40,32,24,55,19,41,47,33,22,2,2,16,5,0,0,0,0,24,44,5,0,34,62,59,57,58,40,33,53,62,33,28,50,65,49,70,21,41,41,57,22,20,27,0,0,0,0,0,58,37,0,0,0,0,0,89,0,20,14,23,62,34,9,15,10,68,0,63,28,0,10,0,10,0
2006/03,69,0,37,41,24,14,22,22,23,79,16,0,35,0,0,3,19,25,10,21,21,6,28,20,8,31,67,77,15,15,23,63,27,0,0,58,40,26,43,40,58,36,48,32,21,23,2,1,17,5,0,0,0,0,21,48,6,22,39,77,67,48,66,67,45,64,77,21,24,46,62,12,22,14,35,0,49,48,19,23,0,0,0,0,0,66,29,0,0,0,0,0,86,0,30,42,16,36,67,30,52,22,79,26,74,27,0,39,0,39,0
2006/04,55,0,35,25,17,27,38,38,27,79,9,31,45,38,0,2,23,28,7,23,18,7,23,13,13,31,63,75,13,18,27,71,22,0,0,51,47,30,18,30,62,23,48,47,38,31,3,2,18,7,0,0,0,0,16,36,10,25,47,82,77,78,78,82,88,76,82,100,28,52,79,28,35,25,21,41,29,45,28,13,0,0,0,0,0,69,22,0,0,0,0,0,85,0,36,10,8,42,34,35,20,41,79,23,55,16,0,20,0,20,0
2006/05,57,0,35,27,17,9,0,0,21,74,15,38,34,0,0,4,19,22,4,18,19,13,28,30,9,30,53,52,15,21,33,48,36,0,51,31,9,21,11,5,56,45,22,45,20,29,2,3,16,7,0,0,0,0,13,27,8,0,32,65,45,54,48,55,100,46,65,26,23,54,54,28,28,34,60,0,34,18,34,11,0,0,0,0,0,62,24,0,0,26,0,26,88,0,28,14,18,39,36,21,28,16,74,30,74,32,0,32,0,32,0
2006/06,45,0,28,28,22,37,22,22,34,72,0,27,41,0,29,4,24,22,11,25,24,12,27,20,12,19,71,71,11,30,23,65,31,0,56,8,20,9,12,0,60,20,31,30,22,24,3,0,16,7,0,0,0,0,28,20,7,0,33,70,51,51,58,36,69,55,70,14,49,52,67,24,23,33,35,0,0,19,29,23,0,0,0,0,0,86,16,0,0,0,0,0,84,0,18,12,15,6,10,8,9,9,72,26,59,46,0,22,0,22,0
2006/07,24,0,28,5,41,10,24,0,25,70,0,29,42,0,0,5,14,22,10,20,22,7,42,25,10,26,98,57,12,17,26,100,100,0,0,11,22,6,7,6,64,22,19,68,31,25,3,2,21,7,0,0,0,0,0,31,18,72,49,87,79,81,68,65,66,82,87,23,0,44,63,0,49,20,13,38,0,21,18,62,0,0,0,38,0,75,14,0,0,0,0,0,80,0,52,10,10,13,0,0,9,10,70,29,67,32,0,48,0,48,0
2006/08,57,0,34,50,21,30,20,20,21,65,0,25,35,0,0,2,16,21,5,24,19,9,38,33,11,35,43,57,6,0,0,61,28,0,0,32,28,26,17,13,62,18,30,27,36,22,3,1,17,6,0,0,0,0,19,56,10,0,37,67,55,47,64,40,59,52,67,13,22,48,67,11,69,36,32,32,34,18,26,31,0,0,0,0,0,52,18,0,0,0,0,0,93,0,24,5,13,33,44,14,24,24,65,30,56,44,0,24,0,24,0
2006/09,64,0,31,39,31,38,18,36,0,70,0,44,33,0,0,3,19,17,8,21,20,11,28,23,8,28,46,35,15,19,0,48,37,23,0,58,25,30,40,21,56,23,39,13,47,22,2,2,15,5,0,0,0,0,23,40,6,0,32,54,53,52,48,34,53,48,54,29,20,54,69,34,43,32,34,0,40,31,29,14,0,0,0,0,0,48,26,0,0,0,0,0,86,0,36,17,19,24,31,12,14,18,70,43,55,33,0,43,0,43,0
2006/10,58,0,31,36,38,14,17,0,17,68,18,31,37,0,0,2,25,21,8,19,22,2,23,32,8,27,46,70,14,46,27,66,23,0,0,28,30,17,14,11,65,51,49,53,35,23,4,0,17,5,0,0,0,0,0,47,9,25,31,58,45,39,49,36,52,47,58,0,18,50,62,32,51,24,31,0,18,36,22,13,0,0,0,0,0,49,22,0,0,0,0,0,93,0,26,9,16,27,36,11,7,17,68,20,54,24,100,16,0,16,0
2006/11,55,0,32,36,30,18,42,42,26,71,6,0,40,0,22,3,22,26,9,17,27,12,31,29,9,25,57,52,14,23,18,56,29,0,0,40,38,31,24,13,76,43,44,39,39,24,3,2,17,6,0,0,0,0,0,41,10,0,34,61,50,44,46,49,45,50,61,16,28,46,66,23,29,31,23,54,19,0,33,31,0,0,0,27,0,56,20,0,0,21,0,21,87,0,57,5,15,18,22,6,27,14,71,45,59,31,0,30,0,30,0
2006/12,36,0,29,16,17,25,20,40,21,57,0,0,34,0,0,4,26,42,13,30,31,13,39,18,4,27,59,79,14,28,0,56,35,0,50,28,46,21,17,18,66,15,32,42,42,23,3,2,20,5,0,0,0,0,13,33,12,20,49,57,41,54,51,57,42,49,57,26,67,57,78,11,55,43,16,0,0,0,28,10,0,0,0,0,0,52,9,0,0,0,0,0,77,0,12,16,5,22,17,0,8,8,57,30,44,17,0,28,0,28,0
2007/01,39,0,36,17,34,17,48,16,25,79,6,0,37,0,0,3,24,44,12,35,23,18,27,37,20,25,53,50,10,17,34,60,31,0,0,46,74,23,16,23,66,21,30,45,31,23,3,5,20,7,0,77,0,77,20,44,13,0,32,62,53,49,51,54,39,49,62,26,45,46,63,13,44,16,26,0,36,14,32,17,0,0,0,0,0,48,14,0,0,0,0,0,87,0,42,22,19,13,35,6,32,10,79,43,64,47,0,45,0,45,0
2007/02,53,0,35,31,32,7,24,31,16,77,17,19,34,0,21,3,22,35,9,33,26,8,22,21,10,25,52,60,11,11,0,55,44,0,0,42,65,35,24,27,66,55,50,50,49,22,3,2,16,7,0,0,0,0,30,65,3,15,30,62,48,43,43,40,40,49,62,15,44,46,75,13,38,21,42,25,18,35,38,12,0,0,0,25,0,46,14,0,0,0,0,0,84,0,60,19,17,4,21,11,16,6,77,19,62,33,0,31,0,31,0
2007/03,49,0,36,22,24,6,20,20,14,81,5,33,33,20,18,2,18,33,6,26,24,13,28,26,12,39,61,61,16,19,22,53,40,17,68,53,37,30,17,21,55,27,43,42,38,25,4,4,17,7,0,0,0,0,17,63,9,0,41,66,60,63,65,50,46,62,66,22,15,45,62,0,9,20,40,22,15,24,25,7,0,0,0,22,0,50,10,0,0,0,0,0,91,0,51,31,13,22,36,33,19,49,81,20,57,23,0,27,0,27,0
2007/04,44,0,28,21,26,26,30,15,16,76,6,28,40,22,0,4,21,36,11,34,29,13,38,33,11,40,78,74,8,5,16,59,58,0,38,79,28,81,55,42,66,30,33,30,32,27,6,3,19,8,0,0,0,0,24,61,11,0,42,67,51,51,66,56,47,62,67,10,34,41,56,41,31,22,44,24,17,13,28,20,0,0,0,24,0,46,18,0,0,0,0,0,88,0,33,10,18,8,7,0,12,12,76,31,61,28,0,21,0,21,0
2007/05,55,0,35,28,27,20,17,29,24,67,17,29,35,17,15,4,22,46,14,36,25,14,42,36,18,39,70,82,11,29,13,63,28,15,0,12,32,6,3,6,61,32,31,37,46,25,5,3,17,8,0,0,0,0,7,51,6,0,36,63,52,57,52,34,41,49,63,23,45,44,77,22,16,25,66,18,33,31,40,15,0,0,0,19,0,48,14,0,0,44,0,44,88,0,53,9,22,22,15,8,14,7,67,31,61,42,0,23,0,23,0
2007/06,48,0,29,22,31,18,49,12,19,74,23,38,32,36,16,4,27,53,10,51,26,19,32,26,22,26,70,80,14,30,13,59,64,0,0,6,17,0,3,0,71,25,50,41,40,25,4,2,18,7,0,0,0,0,0,39,13,37,38,72,64,57,62,39,39,60,72,12,14,43,75,14,34,26,33,0,14,16,33,10,0,0,0,20,0,50,29,0,0,15,0,15,89,0,32,7,17,13,27,13,17,17,74,29,52,27,0,22,0,22,0
2007/07,26,0,30,9,20,21,31,25,20,88,5,16,38,19,0,5,24,60,9,53,23,28,40,44,16,36,76,81,17,35,34,64,57,16,0,2,23,3,5,3,66,32,39,48,43,30,4,7,23,11,63,30,63,30,8,49,17,25,55,86,74,64,85,50,35,75,86,37,35,46,66,7,60,25,17,0,14,11,33,19,0,0,0,0,0,55,17,0,0,0,0,0,93,0,38,7,13,3,5,4,10,13,88,38,52,38,0,20,0,20,0
2007/08,56,0,32,44,31,16,16,10,27,79,16,39,35,0,0,3,25,51,15,49,33,33,38,41,27,27,41,54,11,18,23,55,41,13,27,18,19,3,9,8,65,41,44,47,43,24,4,7,18,8,0,0,0,0,7,52,9,21,39,64,60,46,63,37,33,51,64,24,35,41,69,9,43,17,34,34,12,14,38,14,0,0,0,0,0,45,20,0,0,0,0,0,93,0,48,7,10,29,5,7,15,13,79,47,70,43,0,42,0,42,0
2007/09,65,0,35,34,22,16,19,19,10,67,4,24,35,14,13,3,26,47,21,43,36,15,29,26,17,33,38,40,18,17,21,40,29,12,24,36,27,27,23,18,68,30,42,32,40,25,4,8,18,8,0,23,0,23,12,48,6,10,32,54,48,45,50,24,25,37,54,19,16,42,62,32,30,27,52,31,65,81,37,30,0,0,0,31,0,43,13,0,0,0,0,0,79,0,41,8,16,34,13,10,12,18,67,15,49,36,59,47,0,47,0
2007/10,56,0,31,33,22,13,23,13,28,67,10,0,39,13,0,4,25,44,10,42,38,17,35,32,21,40,49,64,15,32,19,47,36,0,0,35,29,21,18,16,64,33,51,51,36,27,5,6,18,8,0,22,0,22,9,61,10,27,36,58,48,46,59,27,31,44,58,24,30,37,55,22,25,18,32,43,30,20,41,9,0,0,0,15,0,41,17,0,0,0,0,0,95,0,42,9,17,22,24,9,18,5,67,22,54,36,0,23,0,23,0
2007/11,54,0,32,25,26,14,19,9,24,74,14,17,44,0,0,5,24,52,8,46,34,17,25,36,15,33,53,48,24,10,0,53,34,0,47,38,26,22,17,11,60,46,38,39,45,28,5,8,19,8,47,0,47,0,15,57,15,18,41,61,49,49,54,40,47,45,61,15,42,43,65,23,42,23,30,15,10,25,41,10,0,0,0,15,0,41,25,0,0,12,0,12,93,0,47,12,16,10,12,6,9,9,74,39,49,39,0,37,0,37,0
2007/12,31,0,22,20,19,12,39,16,11,68,8,14,41,0,0,7,25,72,14,58,35,24,34,28,26,29,50,72,33,15,18,89,58,0,0,14,40,9,9,9,65,26,51,45,53,28,6,6,23,10,56,27,56,27,7,42,18,11,45,59,46,45,50,57,62,42,59,14,56,49,79,31,57,42,18,0,12,29,52,20,0,0,0,18,0,38,13,0,0,0,0,0,82,0,31,11,13,18,19,8,9,7,68,33,38,34,67,18,0,18,0
2008/01,42,0,29,20,28,23,41,36,19,80,3,17,40,14,25,6,33,71,15,60,38,22,31,41,16,34,56,54,29,19,24,60,41,12,0,38,21,31,18,24,61,25,44,42,43,29,5,10,24,11,0,22,0,22,14,49,9,9,32,58,48,50,57,43,48,48,58,30,36,37,57,20,34,24,25,29,20,12,44,17,0,0,0,15,0,43,13,0,0,0,0,0,92,0,29,10,14,10,16,13,5,7,80,33,45,31,0,31,0,31,0
2008/02,59,0,35,33,32,11,17,13,27,76,10,43,42,13,0,6,33,62,11,54,38,22,32,32,19,39,41,49,30,27,28,59,47,11,0,31,44,22,21,14,51,30,45,45,41,28,5,9,21,9,0,0,0,0,25,49,7,13,35,63,50,50,49,44,46,51,63,31,58,45,70,22,36,19,33,14,44,15,52,18,0,0,0,0,0,38,22,0,0,11,0,11,88,0,45,5,12,16,23,0,14,7,76,49,55,38,0,29,0,29,0
2008/03,42,0,29,19,34,23,40,27,32,74,3,39,48,26,0,7,25,66,12,60,37,21,36,39,20,40,54,54,18,22,29,60,33,11,0,48,28,37,36,36,48,24,45,42,23,36,9,14,26,14,0,0,0,0,17,53,18,31,44,72,67,73,77,48,53,62,72,35,60,38,62,25,28,18,43,14,30,16,50,12,0,0,0,15,0,40,18,0,0,11,0,11,87,0,25,5,19,19,16,0,18,7,74,13,50,41,0,16,0,16,0
2008/04,62,0,33,27,32,18,20,31,28,78,20,29,44,12,31,6,36,56,10,52,44,19,44,30,21,36,50,63,29,25,21,62,49,0,20,65,39,39,36,31,54,44,26,26,31,31,6,13,22,11,0,0,0,0,5,42,10,16,35,67,54,52,60,41,43,51,67,20,30,43,64,28,48,18,46,37,26,34,45,12,0,0,0,13,0,36,16,0,0,10,0,10,100,0,34,6,19,15,10,3,8,14,78,26,55,30,0,31,0,31,0
2008/05,52,0,26,26,29,11,15,19,20,70,0,9,45,12,10,7,37,67,12,57,45,22,29,36,15,44,65,51,24,27,12,47,38,0,0,21,18,17,8,5,57,41,37,39,38,32,8,15,25,11,39,0,39,0,17,50,11,15,31,65,40,46,49,34,40,48,65,20,34,46,71,28,16,33,54,25,17,14,51,22,0,0,0,12,0,40,20,0,1,0,0,0,92,0,55,4,32,23,20,3,15,5,70,18,50,35,0,26,0,26,0
2008/06,43,0,25,22,34,15,12,16,21,72,15,39,45,12,11,6,30,67,12,60,39,25,43,29,22,36,61,68,21,50,9,60,50,10,20,7,33,2,2,0,57,19,39,33,27,34,10,25,27,14,0,0,0,0,13,56,10,24,36,68,49,46,54,36,42,51,68,18,18,42,67,13,27,20,39,19,13,24,38,8,0,0,0,19,0,44,23,0,0,0,0,0,92,0,33,10,26,41,10,8,11,10,72,21,48,45,0,21,0,21,0
2008/07,27,0,29,5,31,17,25,12,69,72,12,30,43,37,11,6,28,75,14,62,52,24,47,34,20,35,63,59,20,25,22,72,51,10,41,6,26,6,0,2,59,12,46,29,27,34,15,30,32,17,0,20,0,20,18,45,13,8,54,79,60,65,69,49,44,66,79,27,36,40,65,16,50,18,4,39,9,0,52,23,0,0,0,26,0,40,5,0,0,0,0,0,91,0,33,6,18,0,14,0,11,3,72,22,48,47,0,15,0,15,0
2008/08,54,0,27,41,27,25,15,7,19,74,5,18,42,50,0,7,30,69,14,62,46,22,33,35,16,30,41,59,17,26,24,52,23,0,0,16,14,12,6,7,47,16,35,28,32,30,11,28,28,16,38,36,38,36,9,44,12,15,39,65,46,52,50,31,41,44,65,32,17,40,67,10,23,17,24,42,17,10,50,16,0,0,0,12,0,44,15,0,0,9,0,9,84,0,34,8,21,28,3,10,13,10,74,25,45,36,0,22,0,22,0
2008/09,58,0,33,40,33,22,34,20,42,63,20,29,35,0,14,7,37,65,11,62,48,25,34,30,30,41,49,57,24,26,11,48,31,9,0,30,12,18,14,19,56,31,39,25,23,35,13,27,29,17,34,0,34,0,13,46,8,0,34,59,41,44,49,23,50,40,59,24,19,43,63,11,33,18,53,22,53,45,48,20,0,0,0,27,0,44,17,0,0,0,0,0,85,0,26,7,23,4,15,19,9,12,63,20,48,33,0,29,0,29,0
2008/10,53,0,28,33,32,21,22,24,6,71,18,8,41,28,21,6,34,63,11,61,45,25,43,32,23,39,40,42,18,34,26,47,27,16,0,21,14,10,7,6,47,40,46,28,17,36,14,35,29,15,31,0,31,0,10,51,8,18,37,60,38,48,43,24,46,37,60,12,28,38,61,26,23,24,28,25,14,14,72,35,0,0,0,30,0,41,25,0,0,0,0,0,81,0,38,9,18,17,14,8,6,6,71,30,48,41,37,16,0,16,0
2008/11,51,1,29,26,26,19,14,20,36,64,10,17,42,41,9,7,34,67,16,63,50,19,31,34,22,45,48,51,40,15,15,40,30,9,0,14,38,15,12,13,47,45,51,31,27,39,20,38,34,21,52,25,52,25,18,61,10,10,42,61,37,41,52,27,43,38,61,45,27,38,66,23,19,25,48,33,19,6,54,25,0,0,0,17,0,41,16,0,0,0,0,0,79,0,39,15,25,9,12,7,11,11,64,29,48,43,0,21,0,21,0
2008/12,31,0,21,13,29,5,0,22,8,75,8,14,38,28,0,7,33,88,27,80,46,17,35,35,20,34,55,53,24,32,16,61,29,0,0,20,3,10,9,6,57,28,40,28,29,42,32,58,44,29,78,18,78,18,17,42,25,26,68,58,41,50,49,39,42,38,58,37,34,44,74,15,55,28,37,24,17,17,54,24,0,0,0,18,0,38,11,0,0,0,0,0,71,0,27,11,19,12,10,5,12,6,75,25,31,24,0,18,0,18,0
2009/01,39,0,25,20,36,7,30,26,21,78,24,24,49,39,0,8,37,92,26,83,47,17,39,35,23,33,58,67,24,21,7,44,28,8,17,38,24,29,25,19,46,29,40,20,25,43,32,49,44,27,33,0,33,0,10,35,13,13,41,62,39,46,47,38,39,40,62,30,33,39,67,22,23,17,52,32,18,20,60,28,0,0,0,11,0,37,10,0,0,8,0,8,78,0,29,13,26,11,12,9,13,12,78,18,48,29,0,29,0,29,0
2009/02,51,0,29,33,37,9,27,20,11,73,15,42,40,46,0,6,35,80,17,70,48,19,32,37,17,35,47,54,23,24,22,40,26,17,17,25,15,15,9,7,41,28,33,19,20,42,26,52,39,24,0,16,0,16,6,46,12,10,38,58,45,46,46,30,37,36,58,40,23,39,75,24,40,15,51,11,38,27,65,12,0,0,0,11,0,38,11,0,0,0,0,0,79,0,26,6,24,16,6,9,5,5,73,26,48,26,0,20,0,20,0
2009/03,51,0,29,26,37,23,15,12,19,80,18,30,39,40,8,7,33,69,16,67,49,19,37,36,23,45,49,56,21,29,13,60,42,0,0,32,33,18,17,17,40,35,27,24,20,48,26,47,39,26,0,0,0,0,21,62,18,6,46,68,44,49,48,42,34,48,68,21,30,36,65,21,23,25,39,33,33,34,58,20,0,0,0,10,0,35,20,0,0,8,0,8,84,0,30,10,33,11,5,4,10,6,80,29,48,32,0,25,0,25,0
2009/04,57,0,100,16,48,10,17,23,24,78,10,21,44,59,0,9,35,96,17,100,62,18,31,37,23,45,55,65,17,35,25,61,41,8,17,60,33,58,36,35,58,19,44,47,45,57,37,86,54,42,100,16,100,16,6,67,24,30,58,67,56,65,57,47,40,49,67,35,30,35,61,11,34,9,48,32,22,12,51,16,5,0,0,22,0,50,15,0,0,8,0,8,81,0,32,10,30,18,26,11,11,9,78,22,48,38,0,19,0,19,0
2009/05,61,0,78,29,33,35,32,47,31,71,15,25,47,35,12,11,40,93,21,90,53,13,31,32,17,33,53,53,20,27,19,46,12,7,0,21,24,17,18,11,68,35,44,56,45,48,33,68,51,40,59,14,59,14,30,53,10,9,34,53,42,46,41,30,36,38,53,44,66,41,65,11,34,17,35,24,23,26,62,29,0,0,0,28,0,57,21,0,0,0,0,0,79,0,22,5,37,21,26,4,22,6,71,33,43,41,0,27,0,27,0
2009/06,45,0,30,20,33,33,35,20,39,78,9,18,42,26,8,10,39,90,25,87,52,20,43,47,25,31,59,75,44,31,12,66,30,22,30,8,13,3,7,5,68,21,51,52,55,48,32,65,49,43,58,0,58,0,7,48,16,9,45,66,59,58,53,34,33,47,66,32,55,40,72,19,46,25,47,14,20,10,65,24,0,0,0,33,0,46,15,0,0,7,0,7,78,0,35,15,36,29,21,6,15,7,78,47,53,37,0,21,0,21,0
2009/07,26,0,25,8,35,27,49,24,44,79,13,23,45,59,0,10,33,91,34,83,51,18,51,41,25,47,55,67,17,28,26,73,49,8,0,12,17,7,7,6,63,34,48,45,54,50,44,77,60,48,31,0,31,0,23,72,20,18,66,75,75,83,70,50,34,60,75,48,54,40,71,17,46,18,20,58,7,5,73,18,0,0,0,34,0,49,9,0,1,8,0,8,82,0,27,9,26,2,11,10,11,9,79,31,43,41,0,13,0,13,0
2009/08,53,0,31,34,33,25,50,17,27,79,9,33,41,61,8,11,41,87,35,76,56,29,46,46,31,36,67,65,15,37,22,62,27,15,0,13,13,13,9,9,66,14,46,58,58,45,39,73,55,43,30,14,30,14,15,67,15,18,50,62,52,56,50,35,36,42,62,46,46,38,77,21,48,25,36,37,13,10,66,15,0,0,0,10,0,54,15,0,0,15,0,15,88,0,41,16,27,8,8,4,8,6,79,40,48,55,0,28,0,28,0
2009/09,68,0,39,40,36,29,38,35,40,75,18,37,43,45,7,9,41,73,30,69,100,28,46,46,33,42,41,52,44,21,18,54,26,7,0,25,50,22,18,16,61,27,46,57,47,48,33,60,50,37,55,0,55,0,31,71,12,5,39,54,46,53,49,26,29,32,54,28,49,41,76,21,22,13,50,43,21,22,65,21,0,0,0,22,0,54,21,0,0,0,0,0,81,0,26,8,31,22,17,2,24,8,75,24,50,39,33,28,0,28,0
2009/10,58,0,34,35,34,26,40,26,47,83,12,26,45,63,0,10,38,66,41,62,67,25,47,40,22,48,45,62,20,46,17,61,19,7,13,48,46,40,39,26,61,33,44,48,56,51,40,72,59,48,26,0,26,0,23,81,9,10,42,54,48,51,50,31,35,35,54,41,77,42,76,15,36,23,40,30,18,12,59,30,0,0,0,30,0,53,16,0,0,0,0,0,79,0,18,31,31,23,12,2,23,7,83,25,50,36,32,21,0,21,0
2009/11,52,0,29,27,36,25,31,20,15,76,10,21,43,59,23,12,35,72,39,62,59,21,44,37,27,43,53,60,19,25,12,65,22,14,14,48,56,50,40,40,74,36,45,53,44,60,52,81,69,64,56,14,56,14,20,72,10,6,47,59,51,65,55,34,31,37,59,44,69,47,70,20,68,25,53,54,28,12,68,32,0,0,0,14,0,52,16,0,0,0,100,0,78,0,26,48,31,18,29,13,16,10,76,27,46,35,0,17,0,17,0
2009/12,30,0,17,11,29,28,41,22,26,82,7,27,43,52,9,14,42,91,56,89,55,27,43,43,28,41,49,76,23,24,20,76,26,0,0,12,26,10,11,12,83,36,67,68,48,59,64,92,83,80,32,15,32,15,56,70,25,28,70,58,54,62,58,43,37,40,58,29,67,50,87,24,74,31,31,20,14,11,65,15,0,0,0,25,0,46,15,0,0,0,0,0,71,0,16,17,33,14,11,7,9,10,82,34,39,38,38,14,0,14,0
2010/01,40,0,20,18,32,47,34,34,38,89,10,24,40,46,15,15,45,100,57,89,55,22,40,39,27,35,64,76,27,26,12,56,28,0,0,46,29,35,44,29,64,39,48,55,31,65,63,100,85,78,57,0,57,0,16,57,13,17,47,57,50,59,59,42,36,37,57,50,47,40,73,38,56,25,26,18,10,7,68,21,0,0,0,9,0,42,12,0,0,0,100,0,80,0,15,17,33,17,12,12,12,6,89,46,53,40,34,16,0,16,0
2010/02,51,1,26,28,34,31,31,25,41,87,16,59,42,50,37,13,39,73,42,73,54,21,49,33,25,38,54,68,20,23,9,58,25,0,0,24,18,18,19,12,57,28,38,49,26,59,52,70,70,73,28,14,28,14,13,61,16,28,40,55,51,56,53,32,36,35,55,31,75,45,79,33,56,31,35,22,6,5,61,16,0,0,0,18,0,41,18,0,0,7,0,7,80,0,27,20,33,9,27,6,18,9,87,27,58,40,0,21,0,21,0
2010/03,47,0,28,20,34,37,36,38,59,88,25,19,46,73,17,32,58,74,43,72,52,23,44,45,24,46,61,71,24,34,25,59,39,13,0,46,24,37,40,39,55,35,33,50,35,64,58,68,74,75,26,0,26,0,26,68,27,28,58,67,66,75,75,47,33,50,67,45,75,41,67,23,62,18,36,21,17,23,74,23,0,0,0,41,0,47,16,0,0,0,91,0,77,0,23,18,37,15,25,7,15,6,88,34,52,42,31,21,0,21,0
2010/04,46,0,26,23,37,36,30,24,19,82,6,40,48,52,18,100,100,82,45,71,51,23,51,49,26,44,49,78,22,26,11,61,33,0,0,100,52,100,100,100,58,32,42,48,31,64,58,68,76,75,81,13,81,13,26,80,15,21,48,62,50,64,59,34,32,38,62,30,66,42,61,19,57,25,45,21,18,24,71,25,0,0,0,30,0,52,16,0,0,7,0,7,76,0,28,15,30,9,28,15,18,13,82,32,58,40,65,19,0,19,0
2010/05,50,0,22,26,37,26,35,26,28,75,25,26,46,67,7,15,42,69,59,67,56,24,50,41,31,36,54,74,21,37,14,51,29,13,0,27,31,26,23,20,60,46,38,49,28,62,59,63,74,68,40,13,40,13,13,60,15,26,45,57,47,58,54,29,33,38,57,40,74,41,67,23,87,21,33,9,9,9,49,12,0,0,0,13,0,59,16,0,0,0,0,0,71,0,27,22,44,37,25,5,12,10,75,24,53,43,32,20,0,20,0
2010/06,41,1,23,17,35,23,36,41,31,78,36,24,42,53,11,14,41,70,58,67,52,26,52,44,25,37,53,60,22,29,18,60,29,0,14,7,20,11,6,9,51,25,39,42,34,64,61,73,77,76,0,0,0,0,9,52,10,8,46,59,46,53,50,32,36,38,59,36,67,39,70,15,72,26,47,18,22,12,64,21,0,0,0,27,0,84,28,0,0,0,0,0,70,0,25,11,39,40,17,13,11,9,78,30,46,43,33,14,0,14,0
2010/07,23,0,24,7,36,27,33,27,55,79,16,55,45,58,18,16,39,82,66,78,47,25,51,43,33,45,61,69,26,56,15,83,38,0,0,8,25,7,8,7,61,20,50,54,41,71,80,86,92,96,56,0,56,0,32,66,18,16,68,71,60,70,62,41,38,52,71,52,68,42,72,24,70,25,16,40,0,0,60,25,4,0,0,9,0,49,8,0,0,14,0,14,72,0,24,11,33,7,10,10,10,9,79,33,45,36,0,12,0,12,0
2010/08,50,0,29,36,42,19,18,18,30,73,27,26,41,43,0,15,41,72,59,65,49,31,48,44,33,49,54,61,17,33,17,57,31,7,20,24,36,23,14,15,53,28,40,49,53,55,56,63,71,62,39,0,39,0,21,80,11,10,52,58,42,50,43,27,33,37,58,30,46,42,65,13,45,20,25,29,17,9,75,34,4,0,0,58,0,42,7,0,0,7,0,7,82,1,25,9,33,21,16,5,15,6,73,31,48,43,31,25,0,25,0
2010/09,57,0,26,37,36,31,13,23,11,73,21,38,42,38,10,15,44,67,51,57,56,31,46,39,30,46,44,56,18,20,14,57,25,13,0,88,100,89,65,60,58,35,30,46,50,59,53,53,64,65,0,12,0,12,32,100,11,10,48,51,45,49,43,22,34,32,51,45,42,38,60,20,49,20,42,24,26,22,80,34,8,0,0,28,0,45,30,0,0,0,0,0,77,0,22,11,27,15,25,5,8,6,73,24,48,47,61,27,0,27,0
2010/10,49,0,26,35,34,18,34,24,30,76,25,51,43,77,20,14,43,63,54,55,56,26,44,41,34,41,48,56,24,24,8,60,25,6,0,31,29,24,33,23,58,28,52,45,38,59,56,56,68,65,25,0,25,0,20,72,14,19,50,54,35,39,40,19,38,31,54,43,57,39,57,23,47,19,42,35,22,13,63,29,0,0,0,20,0,44,13,0,0,6,0,6,76,0,25,19,31,17,24,3,17,10,76,25,47,39,44,20,0,20,0
2010/11,46,0,24,24,35,24,17,24,18,72,11,24,42,47,16,15,40,60,53,54,47,25,45,37,33,38,47,50,25,22,10,57,29,12,0,37,40,38,37,39,55,42,34,42,32,60,57,60,69,68,49,0,49,0,20,63,14,10,49,52,36,39,39,21,38,31,52,24,73,42,60,31,81,14,31,35,27,17,56,34,7,0,0,31,0,43,11,0,0,0,0,0,74,0,16,17,29,11,19,3,12,4,72,9,45,49,59,21,0,21,0
2010/12,27,0,18,12,25,28,38,35,40,69,16,14,42,86,15,17,44,71,82,68,47,23,44,41,29,32,49,51,25,27,6,67,28,0,14,14,43,14,16,10,58,29,50,54,48,62,69,69,81,74,28,27,28,27,10,44,25,41,70,49,37,39,43,29,39,32,49,21,49,46,79,29,100,27,28,26,9,12,69,27,17,0,0,9,0,37,11,0,0,0,0,0,65,0,15,13,32,10,12,4,8,6,69,21,33,35,67,20,0,20,0
2011/01,35,0,23,17,34,19,25,15,37,79,23,44,42,78,12,18,47,84,72,76,51,24,42,37,32,33,54,67,23,36,18,49,30,8,0,39,25,34,38,33,68,30,50,57,68,66,69,63,85,78,70,11,70,11,18,55,20,19,51,46,35,41,37,25,36,30,46,38,35,39,56,34,48,16,22,20,7,7,67,23,12,0,0,15,0,39,10,0,0,4,55,4,70,0,20,9,35,11,15,5,10,5,79,29,41,41,19,19,0,19,0
2011/02,48,0,27,28,33,18,17,21,25,75,20,49,45,75,18,14,39,64,60,62,52,31,50,45,32,36,43,49,22,25,11,48,26,4,8,30,22,31,26,19,59,31,38,52,54,59,61,52,77,69,31,11,31,11,18,70,19,20,46,50,38,40,40,22,33,30,50,44,43,45,61,36,67,27,31,34,22,13,66,26,7,0,0,30,0,39,10,0,0,0,0,0,66,0,26,10,26,13,24,7,14,6,75,25,47,30,28,20,0,20,0
2011/03,52,0,23,24,44,20,19,35,27,74,27,40,46,63,11,14,41,61,54,54,48,32,51,38,29,40,49,69,22,32,19,51,26,10,14,26,36,23,22,24,57,34,38,45,59,62,65,57,72,76,27,7,27,7,19,69,19,17,55,52,40,44,41,25,34,33,52,30,35,37,57,31,69,24,25,35,9,11,61,28,18,0,0,26,0,39,18,0,0,0,0,0,66,0,21,8,31,7,16,6,17,4,74,21,54,41,25,14,0,14,0
2011/04,38,0,20,18,30,21,26,27,24,72,15,28,44,70,16,16,41,67,56,63,45,34,47,47,36,50,62,70,21,33,13,56,40,12,8,59,57,66,62,52,50,16,35,37,40,69,80,63,84,83,15,7,15,7,34,67,24,24,64,60,43,50,47,32,38,40,60,30,42,38,58,24,51,28,27,24,19,15,67,27,7,0,0,32,0,43,13,0,0,0,0,0,65,0,30,8,30,9,15,4,16,6,72,21,43,34,0,9,0,9,0
2011/05,45,0,21,20,35,13,40,19,23,74,19,27,44,43,9,16,42,63,62,57,41,31,49,45,29,53,63,76,22,28,13,58,28,3,0,40,35,41,39,33,48,31,27,34,26,59,69,52,83,73,14,10,14,10,40,81,14,18,48,53,34,40,42,24,35,31,53,34,41,41,59,32,75,24,25,20,12,12,63,26,8,0,0,20,0,45,12,0,1,0,0,0,65,0,21,5,42,27,29,1,18,8,74,24,48,42,25,13,0,13,0
2011/06,39,0,23,18,34,18,26,27,40,70,11,27,42,64,7,16,42,62,73,56,44,33,45,49,38,36,58,73,21,36,21,56,35,10,7,5,18,6,4,4,54,31,34,46,35,62,77,55,86,77,14,7,14,7,19,63,16,12,49,56,37,41,36,24,37,31,56,34,40,38,53,30,61,17,29,26,20,11,55,27,10,0,4,33,0,41,10,0,1,0,0,0,63,0,14,4,33,27,12,5,9,6,70,21,47,45,33,9,0,9,0
2011/07,21,0,18,7,37,19,20,21,31,71,19,32,39,83,8,18,38,72,82,67,39,31,55,51,37,51,59,72,23,32,15,65,35,7,14,8,25,5,6,5,55,21,39,49,34,75,95,71,98,100,43,14,43,14,24,75,24,25,64,63,43,47,47,26,39,38,63,32,54,40,55,22,70,21,25,43,3,4,65,30,9,0,4,32,0,45,5,0,1,4,50,4,68,1,15,6,29,6,14,5,8,6,71,25,36,33,43,11,0,11,0
2011/08,48,0,22,34,45,20,30,27,24,69,13,33,39,75,10,18,44,63,81,60,49,31,55,55,43,49,54,61,21,32,9,58,33,19,6,8,29,6,7,4,47,25,31,40,38,65,76,51,83,78,32,15,32,15,22,78,15,19,55,53,35,42,41,23,39,32,53,31,41,39,51,16,84,22,22,32,4,7,64,24,21,0,8,36,0,43,12,0,0,0,0,0,69,0,22,10,31,28,18,3,13,4,69,22,48,32,38,14,0,14,0
2011/09,60,0,21,37,42,19,31,15,28,67,10,35,37,60,18,17,46,60,70,54,55,37,52,57,43,45,49,61,25,28,10,51,17,6,12,19,34,16,11,10,47,31,26,41,34,65,68,54,82,71,18,24,18,24,14,70,17,16,53,50,30,38,37,15,39,27,50,38,70,42,53,30,68,25,38,31,23,16,67,24,11,0,6,18,0,43,22,0,0,0,0,0,68,0,19,8,27,25,14,7,11,4,67,22,51,35,15,26,0,26,0
2011/10,53,1,22,33,37,22,34,23,35,63,14,26,42,69,15,17,44,57,67,52,66,31,54,54,36,55,58,67,23,30,14,49,23,20,0,26,31,18,16,16,48,27,23,32,41,72,75,58,84,79,23,11,23,11,15,75,18,8,55,47,30,36,31,13,35,25,47,41,40,39,49,27,68,22,24,28,13,11,69,36,12,0,15,22,0,42,19,0,0,3,41,3,69,0,28,16,33,9,10,6,8,7,63,21,44,35,14,17,0,17,0
2011/11,48,0,18,27,35,21,27,32,35,61,24,19,40,60,5,18,41,59,74,54,45,26,51,53,39,42,47,59,22,36,14,62,26,12,12,37,29,35,22,20,55,31,35,26,48,71,81,62,89,86,42,11,42,11,11,64,16,18,58,47,32,35,37,17,34,28,47,27,34,43,54,29,75,26,30,38,21,22,61,37,9,0,4,27,0,44,17,0,0,3,0,3,72,0,21,22,30,9,17,5,8,7,61,16,47,38,0,16,0,16,0
2011/12,25,0,14,11,23,19,19,26,20,64,16,29,37,100,14,21,50,80,100,72,47,33,43,55,38,34,44,59,23,36,15,67,23,3,0,29,46,32,23,20,77,29,41,50,100,73,92,76,100,92,39,16,39,16,13,57,30,27,80,46,30,37,35,25,34,27,46,34,53,47,63,24,66,29,27,19,16,14,60,31,8,0,0,15,0,43,9,0,0,3,0,3,63,0,18,7,33,11,16,2,4,3,64,18,38,32,31,7,0,7,0
2012/01,39,1,22,19,38,21,38,25,31,70,16,33,43,81,13,23,51,88,98,81,61,36,56,56,43,33,53,68,23,30,8,58,18,8,6,47,29,53,50,39,62,29,34,42,69,70,81,69,92,87,33,0,33,0,8,52,15,14,59,47,27,31,30,23,31,27,47,36,43,41,52,48,48,18,36,21,19,13,61,28,10,0,0,52,0,42,11,0,0,3,0,3,74,0,26,13,31,8,12,3,11,5,70,11,57,42,13,14,0,14,0
2012/02,47,1,21,29,40,22,40,33,36,71,16,44,43,83,24,19,48,75,82,67,59,38,55,60,41,36,54,61,22,27,14,52,27,8,6,39,27,43,40,43,56,37,30,38,50,63,54,67,69,64,56,5,56,5,11,51,16,9,56,47,28,35,30,21,33,28,47,31,49,46,57,45,61,20,30,30,13,17,65,33,18,0,3,45,0,48,13,0,0,6,0,6,71,0,22,7,31,14,16,8,11,7,71,17,60,36,34,21,0,21,0
2012/03,48,1,22,24,39,21,28,27,29,69,23,26,42,89,18,19,46,71,80,64,53,45,51,66,44,46,60,71,26,46,21,62,25,10,10,40,20,42,41,42,47,35,23,41,36,63,52,54,63,61,16,15,16,15,24,73,20,12,60,55,30,40,36,33,29,34,55,30,47,39,51,45,57,23,25,31,15,14,64,34,26,0,3,33,0,48,11,0,0,0,37,0,70,0,19,8,31,9,6,5,11,5,69,22,58,33,19,14,0,14,0
2012/04,33,1,17,17,31,21,31,32,48,65,15,42,40,66,14,19,48,74,82,69,51,34,49,51,39,52,47,55,24,33,16,60,34,6,6,69,48,77,74,68,51,28,32,37,26,70,64,52,68,72,70,17,70,17,21,66,20,13,55,56,33,36,39,32,30,34,56,33,60,40,55,46,69,18,28,28,14,14,70,39,12,0,0,39,0,50,9,0,0,0,0,0,64,1,20,6,41,13,11,5,8,4,65,21,45,39,49,13,0,13,0
2012/05,43,1,17,21,38,21,36,37,35,67,17,39,43,71,12,19,47,67,83,62,51,35,47,57,41,41,49,59,23,34,13,52,24,10,8,15,32,10,9,8,50,43,29,34,21,62,54,38,55,63,41,10,41,10,11,60,17,12,44,50,28,32,33,23,27,27,50,34,48,41,56,44,80,30,25,26,18,15,69,32,5,2,6,37,0,49,9,0,0,0,0,0,66,1,17,9,49,31,13,5,10,6,67,22,47,43,0,17,0,17,0
2012/06,37,1,16,17,39,24,23,33,41,65,13,42,42,68,14,20,47,67,83,65,57,53,51,55,58,31,50,59,23,35,9,50,24,3,16,7,11,6,4,4,49,36,28,28,32,71,66,39,63,67,26,10,26,10,7,42,17,15,49,51,28,32,31,21,30,28,51,34,35,38,54,31,62,26,25,38,8,7,57,33,22,0,13,28,0,56,13,0,0,0,0,0,64,0,16,6,36,25,14,4,8,7,65,25,47,36,25,12,0,12,0
2012/07,21,1,16,6,41,24,20,30,40,66,19,52,39,92,11,22,46,71,94,68,49,45,52,56,51,41,51,62,24,37,15,71,38,8,13,11,26,8,7,6,52,29,28,35,31,82,79,56,75,79,85,8,85,8,14,51,24,17,62,65,36,43,38,31,32,39,65,35,45,43,54,28,73,15,22,30,5,2,75,31,19,0,7,31,0,53,4,0,0,0,38,0,64,1,12,6,39,3,10,4,10,6,66,22,46,40,26,7,0,7,0
2012/08,54,1,19,37,43,23,50,53,47,66,26,31,42,90,12,21,47,63,80,56,49,42,52,57,52,37,52,51,26,40,17,48,32,32,10,16,30,14,9,12,50,23,29,31,29,71,63,49,64,72,70,10,70,10,9,54,16,10,50,51,30,34,33,20,28,29,51,28,44,38,53,21,74,25,47,32,7,7,69,37,12,4,6,30,0,57,16,0,0,0,0,0,70,0,17,6,36,16,10,1,11,4,66,35,54,39,18,16,0,16,0
2012/09,57,1,21,37,36,25,49,52,44,61,80,36,40,79,5,20,49,55,77,52,51,52,51,60,59,37,41,43,26,25,17,41,30,12,15,51,53,60,50,48,51,45,25,32,28,72,64,64,61,69,34,12,34,12,17,51,15,13,44,49,25,30,30,16,25,24,49,21,40,39,53,28,65,27,48,30,16,16,75,34,31,2,17,22,0,54,23,0,0,0,34,0,68,0,18,10,35,14,8,3,11,5,61,24,47,38,36,18,0,18,0
2012/10,53,1,20,33,40,31,40,40,39,63,100,38,45,52,16,20,46,52,69,49,48,69,52,57,85,44,38,41,25,29,13,44,30,9,5,25,39,23,18,16,48,30,25,28,22,72,63,79,61,67,41,9,41,9,21,54,16,12,46,53,27,31,29,18,26,25,53,29,51,36,54,36,65,31,35,26,14,10,72,38,28,2,6,47,0,50,17,0,0,5,0,5,67,1,18,15,37,15,15,4,10,7,63,21,48,38,0,19,0,19,0
2012/11,48,1,18,28,34,26,40,36,50,62,88,28,38,86,21,19,48,56,68,51,51,58,55,62,69,45,39,46,24,34,8,47,26,19,0,43,51,31,26,19,55,45,23,30,23,76,70,60,66,74,57,7,57,7,16,65,19,13,50,49,27,32,31,20,25,26,49,28,31,39,58,31,69,21,36,33,26,13,67,41,31,5,13,36,0,56,14,0,0,0,0,0,65,0,14,18,35,5,8,4,11,6,62,22,43,35,34,17,0,17,0
2012/12,25,1,17,11,29,20,24,25,34,56,69,34,36,82,11,21,49,73,83,69,74,41,50,50,47,31,39,49,100,29,26,55,32,21,5,15,23,15,11,11,55,28,30,31,28,81,77,49,78,80,36,10,36,10,5,37,27,24,67,47,24,28,27,25,28,25,47,25,39,42,70,20,84,30,24,23,15,15,79,39,40,16,44,23,0,51,8,0,0,3,0,3,55,0,11,6,30,6,8,4,6,4,56,16,31,35,12,9,0,9,0
2013/01,38,1,18,19,39,27,40,38,40,65,87,46,42,68,19,23,50,71,81,66,65,40,49,59,44,35,40,51,29,29,14,47,26,13,7,27,26,21,17,17,50,34,25,24,21,80,77,45,75,81,31,13,31,13,11,44,18,8,47,48,25,29,30,24,30,26,48,33,43,39,56,30,68,22,25,27,15,8,75,39,16,23,20,37,0,46,17,0,0,2,0,2,69,0,19,8,31,6,11,1,13,3,65,14,47,51,32,13,0,13,0
2013/02,46,1,20,27,44,24,33,29,32,66,42,46,41,80,19,21,50,58,69,53,57,41,50,60,45,41,36,40,28,30,12,49,27,19,5,16,25,15,13,12,48,37,20,34,22,78,68,40,68,69,47,5,47,5,15,56,16,17,44,49,27,31,30,20,28,27,49,25,37,42,58,40,82,29,30,28,19,13,78,37,29,20,10,31,0,50,18,0,2,0,33,0,66,0,19,9,37,8,13,3,12,4,66,24,51,41,17,16,0,16,0
2013/03,40,1,19,19,35,23,38,23,37,62,39,42,41,69,21,22,49,56,75,53,56,39,53,63,43,45,51,55,30,37,20,62,29,18,4,29,38,29,27,24,49,32,25,33,19,89,78,46,76,83,31,17,31,17,15,51,23,20,59,60,32,39,37,29,30,36,60,31,34,39,58,33,84,24,20,22,7,3,74,35,20,17,22,31,0,51,10,0,0,0,30,0,65,0,17,6,36,14,60,24,29,29,62,23,58,38,21,13,0,13,0
2013/04,49,1,19,22,32,33,50,40,49,69,23,47,43,61,20,22,47,50,63,46,52,38,52,56,46,41,44,52,29,47,17,50,31,8,8,31,35,27,20,20,48,43,23,29,24,84,76,41,66,78,41,6,41,6,17,52,19,16,45,54,25,29,28,22,26,29,54,25,30,39,57,46,89,24,27,26,10,12,76,43,26,14,40,26,0,48,16,0,0,2,0,2,69,2,21,5,42,13,23,15,19,19,69,28,64,48,40,17,0,17,0
2013/05,47,1,18,23,60,26,35,28,37,64,19,34,43,73,13,20,46,47,70,44,64,43,48,57,46,51,42,53,26,45,21,50,34,18,10,18,41,18,10,10,45,38,19,31,20,85,75,41,70,76,20,11,20,11,34,78,20,14,47,52,25,29,28,18,28,27,52,34,35,41,58,37,85,29,26,38,9,6,71,40,26,29,12,34,0,51,9,0,1,2,0,2,66,3,20,4,46,34,26,11,15,16,64,26,57,44,19,14,0,14,0
2013/06,39,1,17,18,40,19,31,29,39,61,18,27,42,76,13,21,45,50,66,45,55,41,54,61,45,39,48,54,28,39,21,54,28,15,4,5,24,2,1,2,43,27,19,24,16,87,85,40,74,81,21,4,21,4,18,56,19,8,47,55,26,31,29,19,32,29,55,37,51,39,54,37,67,28,31,37,15,12,75,39,39,33,39,36,0,51,12,0,0,0,0,0,64,1,21,12,39,26,24,11,18,13,61,23,60,37,20,12,0,12,0
2013/07,21,1,18,7,42,32,44,43,53,68,15,41,45,74,18,24,45,54,73,52,56,45,57,61,45,41,53,64,29,52,33,71,41,15,8,7,16,3,2,2,41,26,23,33,21,95,100,49,85,97,30,16,30,16,10,54,26,17,61,67,36,42,37,33,44,39,67,28,41,42,57,31,71,20,18,32,8,1,75,40,48,43,71,39,0,46,10,0,0,0,0,0,72,1,23,11,36,6,13,3,8,7,68,23,62,46,20,12,0,12,0
2013/08,47,1,18,33,42,32,46,39,46,67,24,57,45,73,12,23,48,50,70,45,57,45,57,61,51,37,42,50,25,35,13,60,36,14,8,10,33,5,5,5,39,26,21,23,16,86,86,37,75,85,32,4,32,4,9,49,19,15,50,53,29,31,32,19,38,30,53,28,30,37,54,29,80,23,21,28,5,6,76,46,27,33,51,22,0,50,13,0,1,4,0,4,70,0,18,5,31,12,21,7,15,4,67,25,55,41,38,15,0,15,0
2013/09,52,1,18,35,44,28,42,43,51,58,31,43,40,54,13,22,46,41,63,39,54,40,52,61,45,38,33,39,26,34,8,46,28,14,4,12,22,7,7,4,45,39,24,24,17,86,86,35,71,88,16,7,16,7,13,54,15,14,43,43,23,26,27,14,32,23,43,30,24,37,48,32,74,26,24,39,9,10,78,45,28,35,45,24,0,54,26,0,0,0,0,0,65,1,15,6,34,12,13,6,9,8,58,17,51,34,28,15,0,15,0
2013/10,53,2,21,32,50,24,32,34,34,63,26,51,50,54,14,22,43,36,59,34,51,45,57,62,47,42,38,46,27,29,9,51,28,9,7,16,28,10,10,9,44,40,19,23,11,83,76,30,67,79,29,5,29,5,16,61,17,14,43,47,25,28,30,14,32,23,47,18,32,34,52,39,70,24,35,49,8,4,87,34,22,28,26,30,0,52,22,0,0,0,0,0,69,1,15,16,30,8,13,6,9,6,63,22,54,43,27,16,0,16,0
2013/11,47,2,18,29,40,20,33,28,39,60,26,45,68,54,19,22,46,37,63,34,56,37,51,53,41,41,36,50,29,45,22,57,30,25,16,14,27,12,9,8,47,47,20,20,15,84,79,32,72,84,23,9,23,9,9,49,21,5,46,49,29,31,32,21,33,26,49,31,41,38,53,41,68,32,32,35,20,14,79,45,30,17,20,35,0,59,16,0,1,0,27,0,69,3,18,14,39,13,15,8,9,6,60,30,53,35,19,17,0,17,0
2013/12,26,2,12,14,29,23,28,26,34,59,23,58,49,46,18,25,44,42,66,39,72,38,54,54,42,42,41,52,30,41,13,70,34,15,4,12,26,6,8,6,42,31,19,20,16,93,94,39,84,95,42,10,42,10,19,47,32,21,64,47,28,32,32,31,35,28,47,29,40,44,65,40,97,30,26,36,14,8,92,40,29,24,20,31,0,49,10,0,1,0,0,0,58,1,12,4,35,6,4,3,7,5,59,16,40,38,25,12,0,12,0
2014/01,36,2,19,21,52,27,46,38,43,67,30,39,53,53,20,26,49,38,63,34,67,36,54,53,41,36,43,53,29,40,23,58,26,15,6,22,25,21,23,17,43,33,19,21,17,91,86,29,77,87,26,4,26,4,13,42,17,9,49,49,25,27,27,29,35,28,49,28,38,37,53,37,69,19,24,26,11,6,89,44,21,21,30,49,0,46,10,0,0,2,0,2,70,1,17,14,34,8,16,4,10,5,67,26,62,53,13,15,56,15,56
2014/02,45,2,20,27,44,35,41,48,52,67,22,51,49,49,16,24,48,29,59,27,60,41,58,56,45,42,37,43,29,37,18,48,28,14,0,15,25,14,11,8,35,35,18,18,16,86,71,23,67,73,12,10,12,10,9,51,17,12,46,50,23,27,29,25,35,29,50,41,49,43,61,50,78,25,27,33,19,13,86,44,24,25,21,26,0,45,26,0,4,4,0,4,69,0,20,14,33,14,17,9,13,8,67,20,61,57,24,14,0,14,0
2014/03,45,2,17,24,47,28,45,34,53,67,40,45,51,67,13,23,42,26,50,22,57,68,59,58,75,46,44,48,56,40,20,56,34,16,7,20,38,15,12,12,39,32,18,17,14,88,76,26,71,77,21,12,21,12,9,45,23,12,49,55,27,32,31,31,33,31,55,29,46,38,56,37,71,28,31,26,12,6,90,41,31,23,21,40,0,49,28,0,16,0,25,0,67,3,21,14,43,11,20,13,16,15,67,25,65,50,25,12,0,12,0
2014/04,39,3,15,19,45,31,44,48,54,66,23,44,57,51,11,24,43,26,53,23,69,49,53,54,50,47,48,61,39,57,24,60,39,27,8,45,49,40,27,24,38,33,16,16,18,100,82,26,74,83,26,7,26,7,12,43,29,16,61,62,30,36,34,39,39,39,62,29,38,40,58,49,70,26,20,32,6,5,86,47,48,30,42,39,0,53,17,0,6,2,0,2,67,8,17,6,53,20,44,100,30,98,66,26,58,52,41,12,0,12,0
2014/05,46,3,16,24,45,29,44,45,47,66,22,55,63,53,14,26,47,22,55,20,62,48,57,53,52,41,43,52,32,42,23,55,40,9,7,23,45,16,13,9,42,36,15,17,10,89,72,24,67,73,18,12,18,12,11,40,20,11,51,56,25,28,29,26,48,28,56,29,34,42,63,46,68,25,25,29,5,6,81,50,41,30,42,52,0,56,19,0,4,2,0,2,70,7,14,8,56,30,28,33,23,36,66,26,63,57,48,12,0,12,0
2014/06,43,3,15,24,44,29,42,42,36,61,24,48,59,58,13,26,45,19,52,17,55,46,54,51,49,32,40,55,35,60,23,55,29,14,16,6,22,6,2,3,39,38,16,17,14,82,70,22,66,70,16,9,16,9,7,28,15,5,48,51,25,27,27,22,37,28,51,25,35,38,56,40,65,23,22,36,8,4,80,60,49,29,39,38,0,86,17,0,4,0,28,0,67,4,13,9,40,34,23,20,14,19,61,18,59,43,43,9,0,9,0
2014/07,25,3,17,9,50,33,40,36,52,73,22,47,59,64,16,27,46,21,53,18,60,54,58,54,60,44,56,66,38,64,26,76,49,18,20,9,29,4,4,3,40,26,20,23,18,90,79,24,76,79,24,6,24,6,10,40,31,19,61,69,35,41,36,35,43,42,69,35,53,42,61,34,67,25,13,45,4,3,83,60,43,39,45,36,0,55,11,0,3,4,0,4,77,3,19,14,35,16,44,80,38,100,73,19,63,44,24,9,0,9,0
2014/08,49,3,18,36,52,29,44,38,56,63,29,43,58,57,16,26,47,18,45,15,58,49,60,60,53,42,44,49,28,43,25,54,33,12,8,10,23,8,6,6,37,27,17,16,16,83,68,21,68,66,31,7,31,7,11,40,22,13,52,56,27,29,30,24,40,31,56,21,33,39,56,47,77,28,17,25,3,3,93,60,63,38,49,30,0,50,17,0,2,0,0,0,69,10,17,12,44,13,33,34,28,39,63,22,68,41,47,10,0,10,0
2014/09,62,4,18,42,47,29,45,38,45,65,19,50,53,44,12,25,47,16,48,13,64,48,58,61,54,44,41,51,28,44,25,55,33,17,7,17,33,10,9,8,41,47,17,15,12,78,60,20,64,60,22,7,22,7,8,42,17,14,47,51,23,26,30,17,35,26,51,27,21,36,57,38,63,30,29,26,12,8,84,52,41,31,45,40,0,47,30,0,2,0,0,0,73,2,23,18,35,13,21,25,14,27,65,21,66,43,22,11,0,11,0
2014/10,57,4,19,38,41,30,49,41,47,70,30,40,55,34,20,24,44,13,46,10,59,46,55,60,55,48,42,55,28,34,19,54,37,20,4,12,26,8,7,6,39,34,19,12,12,83,60,18,61,60,21,14,21,14,10,44,19,13,49,51,24,29,28,12,30,24,51,28,27,37,53,35,49,28,29,27,13,6,89,49,37,37,52,43,0,44,29,0,6,2,25,2,74,1,15,22,31,16,30,20,17,21,70,21,66,37,43,14,0,14,0
2014/11,45,3,15,30,41,31,35,51,45,65,24,47,48,35,21,25,45,14,52,13,53,47,52,54,50,42,43,49,27,38,20,55,30,8,4,16,33,12,10,10,43,43,17,11,14,79,62,21,65,64,53,4,53,4,8,39,23,13,50,51,25,27,26,13,31,26,51,23,15,37,56,53,65,25,40,29,21,19,87,56,36,40,39,35,0,45,18,0,6,2,27,2,73,2,19,13,37,9,27,23,19,28,65,22,53,37,45,12,0,12,0
2014/12,30,3,13,15,32,23,38,38,42,70,19,45,50,45,14,28,49,17,60,13,55,46,54,52,47,41,48,51,29,52,24,69,35,14,8,14,19,7,6,8,41,29,17,17,16,86,71,24,75,68,24,6,24,6,14,38,38,20,65,52,22,27,28,30,36,28,52,34,24,44,76,44,93,27,28,42,18,19,89,57,49,37,53,34,0,42,12,0,5,2,0,2,64,2,13,16,31,8,11,17,15,23,70,16,50,38,15,9,0,9,0
2015/01,37,5,15,20,43,33,49,48,58,77,25,58,54,26,18,30,51,14,55,13,62,47,55,57,53,51,49,62,31,60,18,55,32,15,4,29,30,21,18,16,40,34,18,13,15,94,72,25,76,72,22,23,22,23,13,44,23,14,50,53,24,29,26,25,40,29,53,32,40,38,59,52,62,21,34,25,13,11,100,56,46,36,59,33,0,38,23,0,3,0,0,0,75,1,24,17,35,11,26,30,19,35,77,27,70,46,9,12,56,12,56
2015/02,47,7,16,29,49,32,34,36,48,71,22,56,53,27,12,27,50,13,52,12,59,53,56,55,58,48,40,52,31,62,22,49,24,25,6,14,27,13,8,9,39,40,14,13,17,91,62,21,66,63,8,41,8,41,11,51,16,8,46,55,23,28,27,20,45,29,55,34,33,43,63,57,77,30,30,39,23,16,83,48,36,43,49,52,0,38,31,0,5,2,0,2,80,1,16,9,37,14,22,17,14,20,71,24,74,44,37,16,0,16,0
2015/03,41,8,17,21,48,31,52,47,57,69,22,44,51,31,21,28,50,13,53,11,56,53,55,59,57,56,52,54,33,57,20,68,47,20,7,27,25,24,21,17,37,34,14,15,14,85,59,20,65,59,21,26,21,26,13,47,23,16,56,62,28,32,32,30,38,35,62,33,39,39,59,44,62,24,21,35,8,6,87,52,40,38,35,51,0,39,16,0,3,2,0,2,82,1,18,9,35,11,11,18,14,20,69,24,68,42,17,12,0,12,0
2015/04,40,6,16,20,55,33,40,43,45,72,25,51,54,33,17,30,48,13,53,11,60,48,60,58,50,56,48,60,34,51,26,66,37,26,4,33,41,30,22,18,36,28,14,14,13,85,58,22,62,54,15,34,15,34,14,41,26,19,55,67,27,32,31,31,42,37,67,37,26,43,64,49,55,26,20,21,9,7,80,44,53,41,65,42,0,41,14,0,1,0,26,0,79,5,20,9,54,8,12,13,15,13,72,25,66,48,72,12,0,12,0
2015/05,42,7,14,21,49,35,52,43,49,62,21,53,50,37,15,28,50,13,53,11,65,54,58,58,58,48,44,52,27,45,17,63,33,20,7,17,29,14,7,7,35,32,17,11,15,77,54,19,57,47,21,12,21,12,9,37,24,8,45,56,21,26,26,18,42,27,56,33,27,42,64,46,60,29,24,20,8,7,85,67,49,40,62,53,0,45,13,0,3,0,0,0,71,9,15,8,50,22,19,14,13,18,62,22,62,46,51,12,54,12,54
2015/06,43,7,15,23,44,33,40,33,51,74,22,57,50,27,16,28,48,12,53,10,54,51,53,60,60,40,42,55,29,50,24,60,40,18,7,9,26,5,3,2,36,30,15,11,9,79,55,19,60,50,11,36,11,36,10,35,25,10,50,59,23,28,26,18,56,29,59,32,32,42,64,42,76,23,26,25,6,6,77,51,55,48,52,42,0,42,19,0,2,2,0,2,73,2,15,9,40,28,15,11,14,14,74,31,67,45,21,10,54,10,54
2015/07,28,8,14,10,53,43,67,52,61,79,23,50,56,30,18,29,48,13,57,11,56,53,58,60,57,47,54,68,32,56,27,79,49,19,9,6,29,3,2,2,31,21,16,9,14,82,58,21,65,52,24,21,24,21,7,35,29,19,73,75,32,36,33,29,59,43,75,29,41,44,64,44,73,30,16,23,4,2,80,69,55,70,72,40,0,44,8,0,2,2,0,2,77,9,19,6,41,9,12,15,10,11,79,25,77,47,20,9,52,9,52
2015/08,43,9,16,28,58,34,50,45,56,71,23,53,54,27,25,30,49,12,55,11,54,57,64,64,62,47,47,55,31,50,26,59,36,8,5,9,22,7,6,5,34,27,15,11,13,76,49,17,57,48,20,18,20,18,10,42,25,14,60,67,26,30,29,21,50,33,67,28,25,44,65,49,80,28,17,35,2,2,82,54,45,44,67,43,0,37,16,0,1,0,0,0,74,6,15,8,40,8,12,10,10,8,71,21,66,47,24,15,0,15,0
2015/09,61,8,17,41,53,30,51,46,50,69,19,59,53,14,18,28,50,11,52,9,53,45,58,63,53,50,44,53,27,41,23,52,31,10,5,17,27,14,9,8,37,45,16,10,11,66,41,15,49,38,19,15,19,15,17,55,27,7,48,65,24,23,25,14,39,26,65,23,26,41,62,50,67,26,29,27,8,6,78,52,43,52,50,32,0,37,30,0,2,0,0,0,74,1,15,8,34,15,18,10,13,15,69,24,63,48,38,16,0,16,0
2015/10,56,10,17,35,55,32,40,46,44,71,26,61,58,25,15,29,48,10,51,8,51,54,59,61,61,53,40,42,28,34,22,52,31,15,12,30,40,17,13,11,39,35,12,11,9,69,39,15,50,39,24,16,24,16,9,43,32,16,54,68,22,25,24,13,38,25,68,20,25,40,57,54,74,31,32,27,15,11,76,53,44,41,51,34,0,37,21,0,1,1,0,1,71,1,21,11,33,8,9,10,9,10,71,23,63,47,39,12,0,12,0
2015/11,46,9,16,29,53,29,39,33,54,71,20,47,52,23,12,29,48,11,63,9,52,54,54,59,56,52,46,53,31,53,24,60,30,11,5,23,29,15,12,10,40,44,17,11,13,70,42,17,53,41,16,26,16,26,13,51,30,13,59,62,26,27,28,18,37,28,62,24,25,42,67,52,74,32,28,28,19,15,81,52,42,41,59,34,0,40,22,0,1,0,0,0,72,1,17,12,36,9,15,12,13,12,71,23,59,42,38,13,0,13,0
2015/12,29,8,11,14,38,28,41,45,42,73,16,59,53,31,15,32,53,13,68,11,52,52,59,64,52,47,46,56,32,57,24,69,44,24,7,12,34,6,7,6,36,25,16,14,11,78,48,19,64,46,14,23,14,23,21,51,48,22,83,62,24,28,29,27,42,30,62,23,32,50,81,55,93,39,27,29,18,11,81,56,67,46,54,27,0,33,13,0,2,0,24,0,67,2,13,6,35,6,11,11,7,10,73,15,47,38,12,7,0,7,0
2016/01,36,10,14,18,56,30,43,42,53,72,16,56,54,16,14,28,45,12,53,10,49,45,50,54,50,42,47,49,36,55,15,54,35,14,3,25,25,26,24,21,38,27,14,9,10,81,49,18,63,49,16,37,16,37,9,29,33,13,58,60,20,22,21,22,41,28,60,21,21,39,61,49,59,25,17,17,10,11,65,58,46,50,49,43,0,34,20,0,1,2,0,2,65,1,10,5,39,4,9,5,7,9,72,18,55,38,31,11,0,11,0
2016/02,47,10,18,24,63,30,43,31,36,70,27,52,52,20,22,26,44,9,43,8,63,53,56,69,60,52,43,50,33,44,18,48,26,15,5,16,18,10,7,6,34,39,12,9,7,73,41,13,54,39,16,26,16,26,13,41,59,9,54,57,21,22,22,18,37,26,57,24,31,42,68,57,75,27,25,18,19,13,62,49,42,53,64,36,0,36,24,0,0,0,23,0,69,8,13,9,44,5,12,7,11,8,70,19,59,46,31,16,49,16,49
2016/03,39,11,15,18,58,29,41,35,40,67,23,55,54,18,13,27,43,10,50,8,51,54,60,59,57,58,49,55,27,58,25,68,44,25,5,20,27,22,16,17,30,23,9,8,7,78,47,15,59,42,19,17,19,17,12,37,50,21,67,71,26,31,31,27,40,36,71,20,19,42,67,55,58,20,17,22,8,5,62,50,55,58,70,27,0,34,13,0,2,2,22,2,69,10,15,8,41,6,9,8,5,9,67,21,54,41,26,15,0,15,0
2016/04,47,12,16,20,63,29,46,31,43,72,26,53,57,15,20,27,43,7,53,7,52,56,58,64,57,59,48,52,28,46,25,52,41,17,5,20,30,18,15,13,31,24,12,5,7,70,38,11,51,33,9,11,9,11,12,39,31,12,53,68,22,24,25,18,39,27,68,21,29,39,65,57,66,27,27,18,11,9,64,62,48,48,53,62,0,38,14,0,0,0,0,0,71,11,20,7,50,5,9,12,10,11,72,25,57,41,19,20,0,20,0
2016/05,46,12,14,23,61,27,43,31,40,66,28,64,53,18,20,27,44,8,49,7,55,64,57,59,62,53,52,51,31,53,25,61,33,14,9,22,41,19,16,13,31,27,11,9,7,67,39,12,51,35,6,12,6,12,15,35,30,16,56,65,22,23,25,13,40,28,65,22,25,47,73,56,73,32,18,19,10,4,62,60,46,59,70,48,0,36,16,0,1,2,0,2,63,27,19,7,66,20,16,12,9,11,66,21,58,38,41,15,0,15,0
2016/06,45,13,13,21,58,30,38,32,37,68,25,45,54,6,21,27,43,8,55,6,52,55,61,66,62,45,55,64,30,58,22,65,48,13,5,8,24,2,2,3,30,21,9,8,5,70,41,16,53,36,10,14,10,14,6,28,32,17,59,66,22,24,25,14,42,30,66,21,22,44,67,64,70,27,21,16,7,6,58,69,62,90,66,58,0,42,12,0,1,2,0,2,66,5,16,14,48,20,17,11,8,10,68,21,59,58,28,14,0,14,0
2016/07,23,14,12,9,62,28,41,35,64,69,20,67,55,15,18,29,43,9,60,8,45,55,63,66,61,61,58,72,29,72,44,86,48,14,4,7,19,4,3,2,26,14,11,7,7,75,46,16,59,38,21,17,21,17,11,33,85,21,73,84,30,35,33,23,53,44,84,30,31,50,77,63,91,25,10,14,3,0,67,75,77,90,71,39,0,37,8,0,2,2,0,2,71,3,13,16,39,5,8,6,6,6,69,21,59,41,43,8,0,8,0
2016/08,44,15,14,26,62,32,40,38,49,71,15,74,52,20,30,26,40,9,51,6,44,56,59,59,60,50,48,63,26,48,25,60,41,12,11,11,18,6,4,4,25,18,8,7,6,61,37,14,50,31,14,17,14,17,7,28,52,18,61,66,23,27,24,15,45,31,66,19,18,41,67,66,72,27,11,11,2,1,69,60,55,55,66,47,0,36,13,0,1,0,0,0,72,5,16,7,39,8,13,7,8,7,71,23,68,43,34,16,0,16,0
2016/09,62,14,16,36,57,27,49,38,49,70,24,59,55,10,16,26,43,7,53,5,50,58,60,64,62,49,44,56,25,63,24,54,34,15,5,15,27,11,9,7,33,38,10,8,4,60,33,12,47,29,7,21,7,21,7,33,33,18,55,60,22,24,27,14,39,28,60,18,18,45,67,57,70,29,21,14,10,7,64,56,48,43,53,35,0,37,34,0,1,3,24,3,71,1,15,9,34,13,15,8,10,8,70,25,65,45,49,18,52,18,52
2016/10,57,17,17,32,67,28,37,31,37,72,30,58,69,14,17,25,43,6,50,5,45,63,62,63,64,61,47,57,26,56,33,54,39,17,8,24,40,18,16,13,31,23,9,8,5,64,35,12,48,31,10,16,10,16,13,39,35,14,60,61,24,25,28,12,40,27,61,21,18,43,68,58,73,31,26,19,12,11,67,58,43,41,53,51,0,36,22,0,0,0,23,0,75,3,14,15,37,8,13,8,10,7,72,29,57,42,44,15,0,15,0
2016/11,48,16,15,25,59,26,42,36,50,75,24,52,72,9,24,25,39,6,52,5,46,58,59,63,63,57,45,54,37,51,30,71,42,19,5,27,29,26,22,19,33,29,10,6,4,60,32,12,47,28,34,13,34,13,12,50,41,17,66,61,26,28,31,16,39,28,61,27,16,46,72,57,82,37,29,15,23,15,65,56,46,50,50,49,0,41,21,0,0,0,0,0,75,6,18,37,38,9,11,6,7,7,75,24,57,41,37,13,0,13,0
2016/12,27,14,10,13,45,34,48,37,47,74,19,53,58,18,25,27,41,8,61,6,43,62,62,69,61,52,50,60,44,55,30,83,57,18,9,22,24,11,9,10,32,18,9,7,8,61,35,13,53,29,14,19,14,19,9,27,91,37,91,62,23,27,30,24,44,30,62,19,21,65,91,65,99,40,24,23,22,18,59,80,54,54,65,34,0,34,13,0,1,0,0,0,63,3,14,15,45,7,12,5,7,8,74,19,44,41,13,11,55,11,55
2017/01,37,18,13,19,62,38,61,45,53,76,24,66,63,7,23,27,42,7,58,6,44,60,63,67,63,51,55,64,26,54,35,54,39,21,7,33,35,25,22,18,31,22,12,5,5,66,37,11,54,30,10,13,10,13,8,32,45,12,65,63,24,26,28,20,44,30,63,21,22,47,74,65,63,27,29,17,15,17,61,58,68,64,72,72,0,36,23,0,0,2,23,2,70,2,15,10,41,4,9,4,6,6,76,24,68,48,24,15,100,15,100
2017/02,47,21,15,22,71,34,47,51,53,75,22,77,63,5,29,25,45,7,46,6,48,64,67,75,69,59,45,56,26,54,27,63,31,15,7,30,27,23,20,18,29,29,10,7,7,62,33,10,49,29,10,23,10,23,11,46,39,15,61,65,25,27,30,18,47,30,65,27,22,50,79,61,80,34,28,16,19,24,63,58,64,69,76,43,0,34,23,0,0,2,0,2,71,1,17,11,40,7,9,9,10,9,75,32,67,42,45,16,0,16,0
2017/03,48,21,17,23,74,40,47,48,61,79,24,63,63,8,26,25,43,6,52,5,48,65,66,74,73,63,51,58,28,64,26,68,51,20,9,22,27,19,17,13,28,26,10,3,5,64,35,10,48,29,15,13,15,13,9,50,43,17,64,71,25,29,32,23,46,33,71,23,25,49,77,63,72,27,23,20,12,11,60,73,76,84,65,55,0,34,19,0,1,2,0,2,75,20,20,13,60,10,8,9,8,8,79,25,64,48,36,16,0,16,0
2017/04,38,22,14,16,62,33,47,53,53,79,20,63,61,10,21,26,40,7,54,5,47,64,63,68,67,74,60,65,29,57,37,86,49,23,9,44,28,28,21,22,31,19,9,7,5,66,38,12,52,33,7,18,7,18,6,36,57,26,77,81,30,35,33,32,52,42,81,33,33,54,80,75,73,26,18,13,3,2,52,66,87,89,80,53,0,36,15,0,1,2,0,2,70,15,20,34,55,4,8,5,8,10,79,27,57,51,37,10,53,10,53
2017/05,46,24,14,23,70,37,60,53,57,81,24,53,59,9,24,25,41,5,48,4,47,77,61,70,78,66,51,61,28,56,27,71,44,15,5,26,35,21,14,14,29,23,10,5,6,55,33,11,44,28,13,25,13,25,10,40,38,19,60,68,25,26,27,22,49,30,68,23,34,56,83,78,82,34,24,16,8,6,59,80,58,79,70,63,0,40,17,0,0,2,23,2,72,15,20,17,51,19,10,14,9,13,81,23,63,50,20,11,0,11,0
2017/06,44,26,15,21,71,38,42,40,56,83,20,57,63,7,20,28,39,4,50,4,49,88,65,84,94,58,57,66,28,64,30,79,54,24,14,9,37,4,4,3,28,20,7,6,5,57,33,10,45,28,7,18,7,18,15,62,42,16,64,73,25,29,29,19,50,32,73,22,22,53,81,72,91,31,18,13,10,6,59,78,74,79,79,62,0,46,20,0,1,3,0,3,75,30,14,12,64,20,7,9,7,11,83,20,70,54,38,11,0,11,0
2017/07,25,27,12,11,80,41,62,48,65,85,23,67,63,3,17,28,41,6,53,5,49,79,71,84,80,64,63,76,29,64,43,94,68,39,21,9,18,4,2,4,28,11,11,5,6,62,39,11,53,31,7,25,7,25,7,38,54,30,78,87,32,35,36,23,63,42,87,33,24,60,88,81,63,37,11,18,3,3,65,83,75,82,96,40,0,37,9,0,0,0,26,0,77,26,16,8,53,6,8,8,6,8,85,29,74,51,36,12,0,12,0
2017/08,48,26,15,31,82,41,54,47,62,85,21,73,62,3,29,28,42,5,54,4,49,81,71,82,78,61,56,64,28,57,35,75,52,8,8,12,25,7,8,5,25,18,8,6,5,54,32,12,43,26,10,14,10,14,10,41,43,18,63,71,25,29,28,18,53,34,71,29,13,53,79,60,77,30,13,13,3,2,63,77,74,73,90,61,0,38,16,0,0,0,0,0,85,6,17,10,39,10,7,8,10,6,85,32,84,59,48,11,50,11,50
2017/09,54,24,14,33,66,26,47,43,48,78,23,100,54,4,26,26,42,6,48,5,52,83,65,80,77,50,40,45,27,45,30,50,36,16,7,20,38,19,14,14,35,30,11,7,5,55,31,10,41,27,13,11,13,11,8,31,34,9,54,54,20,22,25,9,46,24,54,21,26,47,69,58,70,34,15,15,10,10,64,57,50,63,57,54,0,43,21,0,0,2,0,2,74,6,12,9,45,13,10,5,10,8,78,24,73,52,36,10,50,10,50
2017/10,56,29,15,39,77,42,59,54,62,84,27,62,62,7,17,26,42,4,51,3,41,70,67,73,72,61,50,57,25,59,39,62,45,25,9,33,38,22,19,15,29,32,10,5,6,57,31,9,40,27,19,12,19,12,9,47,42,14,57,63,24,24,26,13,42,27,63,23,22,51,68,67,74,28,30,25,13,9,58,74,44,67,65,30,0,35,24,0,0,2,0,2,83,3,17,23,38,7,13,11,9,10,84,29,76,53,19,13,0,13,0
2017/11,49,27,14,27,66,37,71,48,57,81,23,71,56,6,22,26,43,5,52,4,43,75,71,73,73,66,57,67,28,54,39,70,46,26,7,40,34,22,19,17,35,40,10,5,7,63,36,13,42,36,6,20,6,20,7,44,47,17,62,67,25,27,30,18,42,31,67,15,16,55,78,65,78,27,27,28,13,15,58,81,70,100,100,53,0,33,30,0,0,2,0,2,82,35,14,17,52,10,13,11,11,9,81,22,69,47,16,16,0,16,0
2017/12,27,24,10,14,49,35,48,56,61,83,15,67,58,9,26,27,42,6,58,5,44,75,76,74,73,59,54,64,29,64,41,86,60,31,5,17,26,14,8,8,32,21,11,4,6,63,40,12,51,36,18,16,18,16,6,38,70,23,87,67,23,26,26,26,49,31,67,19,17,66,100,78,87,42,23,9,17,13,65,80,59,56,88,36,0,34,12,0,0,0,0,0,70,12,11,4,40,3,6,5,4,5,83,24,50,44,22,10,0,10,0
2018/01,37,29,12,20,64,43,66,63,88,91,28,53,64,10,15,26,42,6,53,4,41,67,71,71,71,57,59,71,28,70,40,68,46,27,11,30,33,24,19,20,31,21,10,5,4,62,37,12,49,34,10,21,10,21,12,35,39,14,59,67,24,27,29,25,47,31,67,24,26,51,85,74,73,32,17,11,11,7,63,67,66,65,59,69,0,35,23,0,0,0,22,0,79,4,16,11,41,6,14,9,5,8,91,25,83,50,23,13,97,13,97
2018/02,47,33,13,26,77,42,64,59,64,86,24,59,60,4,20,26,43,5,52,4,48,69,70,80,72,62,50,59,26,63,29,63,41,30,12,37,29,30,27,24,32,32,9,6,4,56,31,9,42,29,33,10,33,10,10,47,41,10,55,67,22,24,26,20,48,29,67,21,16,55,87,78,85,32,25,19,21,18,55,62,44,51,61,51,0,36,26,0,1,3,23,3,79,20,12,9,47,7,11,6,8,9,86,29,79,46,24,13,0,13,0
2018/03,44,34,14,25,77,43,64,54,63,85,31,82,65,7,23,27,44,5,47,4,48,78,69,74,78,73,60,66,31,69,43,92,56,17,8,35,36,33,24,21,27,25,9,4,5,63,36,11,48,33,19,11,19,11,8,43,56,14,70,83,27,31,31,28,45,39,83,24,21,57,83,77,62,30,20,15,13,11,56,69,63,46,63,37,0,34,15,0,1,0,0,0,78,10,13,10,44,11,10,4,8,7,85,25,70,52,30,11,0,11,0
2018/04,44,38,14,22,81,46,77,73,70,87,28,70,72,4,20,27,40,5,51,3,44,76,69,78,82,71,57,63,35,65,37,69,48,23,13,31,36,24,18,15,28,22,10,4,4,60,34,10,44,33,6,12,6,12,9,38,47,13,61,75,24,24,26,21,46,32,75,21,19,59,74,67,67,31,23,18,8,7,55,70,55,70,84,48,0,31,14,0,1,0,0,0,81,40,20,7,67,7,7,10,8,11,87,35,78,54,8,11,0,11,0
2018/05,47,37,12,25,78,42,62,58,70,83,25,57,76,4,24,26,41,5,46,3,45,79,66,74,79,65,58,68,29,73,36,70,48,20,6,16,31,10,9,7,30,27,10,4,5,54,33,9,41,31,9,21,9,21,11,51,42,15,58,71,20,25,24,17,45,29,71,18,18,100,81,88,75,30,15,29,5,3,52,83,40,64,86,49,0,32,17,0,1,0,0,0,76,56,18,5,72,18,8,10,9,11,83,28,71,55,26,14,0,14,0
2018/06,39,36,12,22,76,35,57,46,45,77,21,74,67,5,24,26,39,4,47,3,43,79,70,76,81,53,62,67,27,74,37,72,53,27,9,10,34,12,5,7,25,21,8,3,5,53,35,10,40,31,0,12,0,12,4,29,44,10,60,67,21,22,25,32,47,46,67,21,18,59,72,67,62,29,12,18,8,5,53,90,68,75,87,44,0,67,12,0,0,0,0,0,69,18,15,6,50,18,9,7,8,8,77,24,67,46,45,9,0,9,0
2018/07,25,41,14,10,81,48,67,58,81,85,20,85,68,9,17,28,40,5,56,4,42,80,73,80,80,68,67,75,41,71,52,96,71,45,21,10,24,7,5,5,25,12,9,6,7,58,39,11,44,34,6,14,6,14,7,35,60,22,80,100,28,31,31,28,51,45,100,20,21,65,82,71,71,36,12,14,1,2,55,88,61,100,71,56,0,40,8,0,0,2,0,2,77,40,11,7,59,6,10,6,8,6,85,25,76,49,19,9,0,9,0
2018/08,52,42,15,34,91,40,64,72,79,87,23,68,68,3,20,27,43,5,51,4,45,81,72,83,81,64,54,66,41,63,41,68,44,17,11,12,33,8,6,6,30,18,8,5,5,52,34,8,38,28,25,12,25,12,10,39,44,15,66,77,21,24,25,16,53,32,77,20,24,59,77,71,71,31,15,10,7,4,51,78,59,59,63,49,0,30,18,0,0,2,0,2,81,8,15,11,44,7,6,6,6,6,87,29,89,49,30,15,0,15,0
2018/09,61,40,14,39,71,39,64,60,67,84,19,76,67,3,13,26,45,4,44,3,43,71,69,74,74,62,47,52,28,58,28,63,35,19,5,16,35,16,12,12,37,39,9,5,6,54,32,8,35,27,9,12,9,12,9,38,43,13,60,66,19,21,22,12,46,26,66,18,14,56,70,70,77,35,19,8,5,3,56,84,50,59,63,42,0,31,26,0,0,6,0,6,74,7,13,7,39,5,8,5,7,6,84,27,73,50,26,16,0,16,0
2018/10,56,45,15,33,79,42,58,56,67,83,24,60,71,4,23,26,43,4,48,3,42,75,77,80,75,75,46,58,29,63,33,64,41,19,15,27,35,19,15,13,31,35,10,5,4,54,31,7,34,29,12,12,12,12,8,44,49,16,64,67,19,20,24,14,43,27,67,16,11,51,69,69,70,27,21,18,10,8,55,74,44,48,64,49,0,30,25,0,1,2,0,2,75,33,14,9,59,6,11,5,7,9,83,29,71,42,22,15,0,15,0
2018/11,46,41,13,28,66,33,66,57,72,83,28,67,65,3,16,25,42,4,55,3,45,94,81,81,95,73,51,64,29,64,38,72,47,27,11,39,44,43,29,24,47,32,10,5,4,55,33,7,36,29,19,8,19,8,12,46,53,17,71,71,19,20,24,17,46,28,71,15,18,59,80,80,72,35,21,12,15,12,46,79,55,63,60,53,0,30,32,0,0,10,34,10,75,12,10,7,53,5,8,7,5,9,83,23,65,49,38,12,0,12,0
2018/12,26,38,12,13,62,36,60,44,59,84,25,48,62,3,14,27,41,5,55,4,43,83,83,85,86,81,59,69,40,70,37,86,59,27,7,20,44,15,9,10,60,24,12,5,5,56,39,7,40,31,7,14,7,14,16,48,80,19,95,68,18,20,20,22,49,29,68,20,15,71,97,96,90,34,12,4,7,6,54,86,53,64,96,37,0,33,24,0,1,2,0,2,64,44,10,6,63,4,4,3,6,4,84,19,52,47,13,11,0,11,0
2019/01,39,48,14,21,86,63,100,80,100,100,21,65,72,3,17,28,42,4,50,3,45,81,76,69,80,72,65,73,28,79,35,63,45,28,9,32,27,23,22,17,32,21,10,5,5,56,38,7,39,30,6,5,6,5,6,36,49,17,69,67,18,20,21,21,50,29,67,17,12,55,83,74,63,28,17,11,12,9,51,65,56,55,80,57,0,30,65,0,5,2,0,2,78,27,13,17,63,6,7,5,6,4,100,27,82,72,26,14,0,14,0
2019/02,50,51,15,27,84,53,86,77,100,92,26,79,69,4,29,25,41,4,45,3,52,74,81,84,71,69,53,66,27,58,38,60,46,29,7,23,51,20,14,11,34,39,13,5,3,52,34,6,35,29,6,13,6,13,9,40,49,10,61,70,18,20,21,19,54,28,70,22,20,62,83,81,67,35,21,14,14,10,50,76,39,52,56,49,0,31,100,0,10,2,0,2,81,7,14,17,47,10,8,4,10,4,92,26,88,91,27,18,0,18,0
2019/03,47,51,14,24,75,42,75,74,71,90,29,57,84,0,18,25,41,3,48,3,47,73,82,84,78,77,67,67,31,62,42,80,54,23,12,26,32,21,17,13,31,29,9,4,5,51,32,5,35,27,12,6,12,6,14,42,57,8,69,76,20,22,24,26,52,33,76,19,15,60,83,77,64,33,19,10,19,17,48,79,53,48,56,47,0,29,93,0,16,2,0,2,75,54,12,6,59,6,8,6,8,8,90,22,76,100,14,15,0,15,0
2019/04,39,54,13,19,76,44,70,56,70,91,25,77,100,2,22,27,41,4,51,3,51,86,86,83,84,100,68,84,33,78,47,88,57,34,10,43,46,26,21,16,28,27,9,4,4,53,34,9,39,29,10,13,10,13,5,33,73,20,83,85,21,24,24,28,52,40,85,18,21,61,81,74,67,36,16,21,7,7,50,90,83,84,94,53,0,27,78,0,51,2,24,2,77,100,14,8,100,5,3,8,6,6,91,29,76,62,32,14,0,14,0
2019/05,42,55,14,23,75,41,71,62,75,90,24,70,87,3,21,26,42,4,52,3,47,73,79,81,83,76,60,78,33,61,42,70,46,24,16,20,36,12,11,8,28,26,8,3,4,47,30,8,36,25,9,17,9,17,6,41,61,13,67,72,18,20,20,22,50,30,72,20,27,66,80,78,76,32,17,8,6,7,46,95,50,73,72,43,0,30,61,0,35,2,21,2,76,35,12,8,72,11,5,7,5,6,90,29,75,53,25,14,45,14,45
2019/06,39,63,13,20,72,46,79,69,71,91,28,70,87,4,22,28,42,4,57,3,42,84,93,88,89,83,74,89,32,70,34,79,54,30,16,9,32,3,3,3,27,19,8,5,4,50,32,8,37,27,6,6,6,6,2,34,66,15,73,76,20,21,24,21,53,32,76,28,36,65,78,78,73,30,13,10,8,3,50,88,56,98,99,43,0,32,61,0,38,0,54,0,78,40,14,11,72,10,9,8,8,6,91,30,79,47,22,12,0,12,0
2019/07,28,68,13,11,89,48,66,60,74,98,21,73,86,2,19,28,39,4,58,3,44,98,95,92,96,81,85,97,31,96,49,95,65,34,5,10,29,3,3,3,25,14,7,6,5,51,33,6,40,28,13,8,13,8,8,28,93,23,100,95,22,25,27,24,57,42,95,24,20,68,85,93,64,31,8,13,1,1,48,91,74,72,80,72,0,31,56,0,49,3,22,3,80,65,14,7,67,4,14,3,8,4,98,34,94,50,23,8,0,8,0
2019/08,48,65,14,33,100,47,85,68,78,94,22,59,81,5,22,27,41,4,56,3,43,98,98,94,94,78,65,75,30,66,54,74,60,26,6,11,33,5,4,4,24,14,10,5,4,47,28,5,34,23,18,6,18,6,11,37,76,17,83,77,19,20,22,18,52,33,77,22,22,69,77,100,71,31,9,10,3,2,46,94,100,64,71,54,0,28,61,0,45,0,0,0,79,12,14,6,47,8,11,7,7,6,94,33,100,49,40,16,0,16,0
2019/09,63,59,14,43,75,41,69,55,68,86,23,69,80,2,13,25,45,4,48,2,48,86,99,88,82,73,60,72,31,66,28,71,47,20,6,18,44,13,9,8,33,35,9,6,4,44,25,6,30,21,6,8,6,8,9,43,58,15,66,65,15,17,22,13,47,27,65,24,26,75,68,77,64,33,14,13,4,5,43,74,61,66,57,37,0,30,72,0,47,1,0,1,74,8,12,6,47,9,11,6,5,6,86,26,78,47,24,16,0,16,0
2019/10,60,74,15,41,89,46,80,61,82,87,32,88,83,4,16,24,43,3,51,2,45,87,96,89,90,79,58,70,32,62,33,63,50,33,12,22,33,19,12,10,32,37,10,4,3,47,25,7,30,23,8,9,8,9,7,37,60,17,65,63,18,19,20,12,44,25,63,17,21,58,64,72,65,30,11,14,3,3,48,72,69,66,63,55,0,29,62,0,32,0,19,0,74,29,14,10,63,7,6,5,5,8,87,27,79,40,26,18,0,18,0
2019/11,49,64,15,33,81,47,75,75,81,90,24,67,88,2,14,25,44,4,55,3,40,95,96,92,94,82,70,76,30,54,34,75,46,31,6,25,39,19,14,11,35,35,11,4,4,45,26,7,30,24,11,11,11,11,9,42,75,12,76,68,19,17,21,18,46,27,68,26,17,63,75,81,66,32,17,15,11,9,38,86,65,55,75,60,0,31,57,0,33,0,20,0,79,11,13,11,47,6,9,5,5,6,90,30,68,40,37,14,0,14,0
2019/12,28,55,9,16,64,33,61,58,63,87,25,65,72,2,12,26,43,4,58,3,40,93,100,100,94,84,70,88,31,68,41,97,74,43,15,17,33,11,8,7,31,19,8,5,4,44,26,6,33,23,12,17,12,17,13,39,100,21,95,71,17,19,20,21,54,30,71,20,20,76,87,98,87,36,9,8,7,6,52,100,76,51,76,33,0,31,32,0,25,2,21,2,68,12,8,5,49,3,5,7,4,6,87,26,55,40,14,9,0,9,0
2020/01,46,71,12,24,92,52,77,79,83,98,32,67,82,4,18,26,42,4,55,2,45,99,90,89,95,83,77,92,79,100,35,73,52,26,12,30,34,24,18,19,36,30,10,5,4,45,26,7,34,22,10,8,10,8,9,41,68,10,68,70,17,17,21,25,50,30,70,14,25,58,75,95,60,32,15,10,6,6,44,86,77,48,65,63,0,23,43,0,27,1,0,1,75,4,13,8,48,6,4,3,4,5,98,21,92,41,22,13,0,13,0
2020/02,51,74,16,34,83,55,85,72,79,87,20,59,77,2,17,24,42,3,51,2,47,100,94,91,99,83,66,74,44,70,34,66,48,24,3,23,32,16,11,10,32,32,11,4,4,44,25,6,30,21,13,9,13,9,9,49,59,14,60,66,14,18,18,19,48,29,66,16,20,60,78,85,57,33,20,12,11,9,41,83,83,55,57,56,0,24,48,0,14,2,0,2,70,12,10,13,50,5,12,5,7,8,87,28,86,40,29,18,40,18,40
2020/03,60,59,71,35,98,45,73,68,82,81,25,51,78,3,16,25,44,4,46,3,56,97,78,77,100,55,64,69,32,74,29,51,41,8,6,25,46,21,14,13,29,20,8,6,3,48,26,8,34,26,14,9,14,9,5,25,52,13,57,52,12,14,13,15,42,21,52,16,14,42,51,57,34,21,19,11,8,7,43,55,37,29,50,21,0,22,62,0,67,0,17,0,67,4,16,6,52,3,8,3,7,7,81,21,76,38,11,14,0,14,0
2020/04,69,51,64,43,69,46,82,68,88,67,43,31,87,6,6,30,50,6,50,4,40,40,28,34,41,17,29,35,23,26,16,21,19,13,5,17,44,20,13,9,38,27,13,6,6,59,31,8,43,31,14,9,14,9,1,3,27,5,29,29,8,9,9,5,46,13,29,45,53,21,29,39,9,11,16,8,11,9,48,28,25,13,33,11,0,22,78,0,100,1,17,1,74,4,16,9,65,8,5,4,5,4,67,28,54,37,17,13,36,13,36
2020/05,68,67,37,48,67,53,91,67,80,67,45,44,82,6,8,29,55,6,57,4,36,37,28,32,40,16,25,30,24,37,16,24,21,10,7,13,45,9,6,6,39,29,14,9,6,50,25,6,35,23,9,7,9,7,1,3,21,4,23,30,7,8,10,5,40,13,30,40,53,31,32,49,12,10,17,6,10,6,48,31,15,11,32,10,0,17,74,0,50,1,23,1,87,3,14,11,67,11,6,4,5,4,67,28,53,35,26,11,0,11,0
2020/06,51,100,30,34,80,45,90,68,89,78,31,45,76,3,14,30,52,4,61,3,36,49,36,40,49,19,33,41,21,47,18,33,25,15,7,6,46,3,2,1,36,25,12,8,5,44,22,6,32,22,14,4,14,4,1,2,29,8,29,34,8,9,9,7,48,15,34,29,35,40,38,59,12,15,16,10,6,4,51,33,17,18,44,22,100,100,84,100,49,1,0,1,77,2,14,10,57,6,6,5,5,6,78,33,65,38,17,13,0,13,0
